Filename,Predictions
test/003087e9-221.png,0
test/003f7166-ec2.png,1
test/0040e007-d6f.png,0
test/004224a0-9a1.png,0
test/0042ac54-0a7.png,0
test/004bd484-04b.png,0
test/005583a8-98e.png,0
test/00625952-a48.png,0
test/00bc22f9-725.png,0
test/00bd18ed-145.png,0
test/00cc3af8-132.png,1
test/00e30dee-d9d.png,1
test/00efecae-8b3.png,1
test/0112f860-4ab.png,1
test/011e3a03-ab3.png,1
test/014b9bc9-771.png,0
test/015fc606-d6b.png,1
test/015ffab2-e05.png,1
test/0160eef8-5a3.png,0
test/016799fc-e8d.png,1
test/017a94ad-b66.png,1
test/018de9e0-cf6.png,1
test/0198913a-799.png,1
test/019f37be-715.png,1
test/01a612a9-b94.png,0
test/01a97562-e0e.png,1
test/01bfbd89-6f3.png,1
test/01c73696-eba.png,0
test/01e27d6b-8dd.png,0
test/01e5394d-f98.png,1
test/01f3f282-6e9.png,0
test/01fc0813-ce6.png,1
test/02018934-c5b.png,0
test/022bc4ed-a94.png,1
test/022ffa23-66e.png,0
test/0238e75e-2f2.png,1
test/023d460a-018.png,1
test/023e9c78-417.png,1
test/0241594c-59e.png,1
test/024a4e94-d8d.png,1
test/026cbc0e-69f.png,1
test/028f5c4b-26c.png,1
test/0291c813-d1f.png,0
test/0298fc6c-a69.png,1
test/02b2ba40-d05.png,0
test/02c804ea-c6a.png,1
test/02e53a03-6de.png,1
test/030b5d48-198.png,0
test/0313c49a-306.png,1
test/0322812d-1ac.png,1
test/035cf490-128.png,0
test/035fa528-30b.png,1
test/0362324b-f40.png,1
test/03623bbc-499.png,1
test/03946482-00f.png,0
test/03a1dc43-71f.png,0
test/03a2eb5d-b29.png,0
test/03a85d0b-1ce.png,1
test/03acb6a1-ee1.png,0
test/03dc7db1-358.png,1
test/03eb4742-502.png,1
test/0408806c-d41.png,1
test/0422d59f-4ab.png,1
test/042c421a-a37.png,0
test/0451e789-b48.png,0
test/04638335-adb.png,0
test/046c6b60-c58.png,1
test/0475b48f-cc3.png,1
test/047987a0-e44.png,0
test/0489245f-152.png,1
test/048af258-70f.png,0
test/04a19b72-cb8.png,0
test/04bb2218-758.png,1
test/04c180cd-bc4.png,0
test/04df2d38-2a9.png,1
test/04f5bef6-afa.png,0
test/052e9ec6-cce.png,1
test/0536f7cb-7c8.png,0
test/056e6b2c-11b.png,1
test/0570b8ed-f72.png,0
test/057df536-687.png,1
test/0583b92d-81e.png,0
test/0596d136-333.png,1
test/05996887-b2e.png,1
test/05aa799c-e16.png,0
test/05ac5704-fb9.png,1
test/05b3370c-002.png,0
test/05b486da-1ac.png,0
test/05bc0e1b-cb8.png,1
test/05d9dc1d-61f.png,1
test/05e38336-801.png,0
test/05fac57d-e9c.png,1
test/06161831-5d0.png,0
test/062bdb09-359.png,0
test/0649fca1-186.png,1
test/0659168a-321.png,1
test/0692030d-27b.png,1
test/069ffee3-48c.png,1
test/06a5e9e5-7dc.png,1
test/06adff24-ceb.png,1
test/06ec7683-509.png,1
test/06f1894b-076.png,1
test/06f43e81-b2f.png,1
test/0709c4fc-966.png,0
test/070d9b66-85e.png,0
test/070ff641-45d.png,1
test/072e1113-621.png,0
test/07399e6b-76d.png,0
test/07400384-fb2.png,0
test/07492306-96a.png,0
test/075a8d6e-37d.png,1
test/07657200-99c.png,1
test/07960c34-785.png,0
test/079bfdb3-640.png,0
test/07c058a2-ef7.png,0
test/07c55cf4-898.png,0
test/07c6470d-dcb.png,0
test/07e0085e-daa.png,1
test/07e62d97-28d.png,1
test/07e92981-941.png,0
test/07f74b1c-95f.png,0
test/08052f53-012.png,1
test/082f742b-fc0.png,0
test/082ff0df-2e4.png,1
test/0855598c-3ca.png,0
test/08853739-5ee.png,0
test/08903e81-360.png,1
test/08a3296a-b54.png,1
test/08a81aaa-6ce.png,1
test/08cadbe6-8c7.png,0
test/08de14cf-020.png,1
test/08e80766-8fb.png,0
test/08efe393-d31.png,1
test/091810b6-688.png,1
test/0939bd23-edf.png,1
test/093b876d-35b.png,1
test/09433af7-c40.png,0
test/09a2a5f3-f0c.png,0
test/09aa805c-55c.png,0
test/09bcc6c1-dd6.png,1
test/09cc29fc-f54.png,0
test/09e5079b-42c.png,1
test/09ebc400-df6.png,0
test/09efb664-b94.png,1
test/0a1bb587-ab8.png,0
test/0a376ddc-253.png,0
test/0a5c50b4-23a.png,0
test/0a882df6-5fe.png,0
test/0a9cc42a-de2.png,1
test/0ab16232-b15.png,0
test/0ab66030-2c2.png,1
test/0b203f36-83e.png,1
test/0b248b25-f0a.png,0
test/0b33c975-484.png,1
test/0b351ed2-a8b.png,0
test/0b380cc2-1cd.png,1
test/0b6491ab-077.png,0
test/0b74fed7-41d.png,1
test/0b794ec0-675.png,0
test/0b853398-69c.png,1
test/0b91a420-3fd.png,0
test/0b95d0e7-289.png,0
test/0ba55ed0-b6c.png,1
test/0ba8fba5-5c3.png,0
test/0baaf70c-027.png,1
test/0bcbeaab-dd7.png,1
test/0be0c676-576.png,1
test/0be4f423-567.png,1
test/0be99874-906.png,1
test/0c0fb7e3-2d7.png,1
test/0c138861-904.png,0
test/0c265bd6-ff9.png,1
test/0c53ca62-4b7.png,1
test/0c86d726-fdc.png,0
test/0ca360eb-aef.png,0
test/0cb55aae-fe8.png,1
test/0cc0fbb9-80e.png,1
test/0ccd5ab1-9bd.png,0
test/0d02f82b-a0f.png,1
test/0d1e258b-0d8.png,0
test/0d46e2d0-7c9.png,1
test/0d4ea495-0b6.png,0
test/0d5086d3-098.png,0
test/0d5372ba-d24.png,0
test/0d72be37-638.png,1
test/0d8682f4-87b.png,1
test/0d8bfa18-f03.png,1
test/0d92bde7-8c2.png,0
test/0daa8a89-137.png,0
test/0dc40d8b-67c.png,1
test/0e2783e4-41f.png,0
test/0e36fa4c-be5.png,0
test/0e42e422-a02.png,1
test/0e49a479-649.png,0
test/0e567242-614.png,1
test/0e5c1a11-4fd.png,0
test/0e62a357-cfd.png,1
test/0e73fbde-f8e.png,0
test/0e8943e5-09e.png,0
test/0ea44429-d98.png,0
test/0eadd4d7-f7a.png,1
test/0eae8b7c-4b2.png,0
test/0ec9ae8f-7f5.png,0
test/0edd41a1-b72.png,1
test/0eec947e-b3d.png,1
test/0ef767f1-4c5.png,1
test/0f01bf14-dc5.png,1
test/0f0a363c-394.png,0
test/0f1a6f2b-21b.png,0
test/0f5a1b8e-3a0.png,0
test/0f84259d-749.png,1
test/0fb0cc61-b60.png,1
test/0fbccbf1-ab0.png,0
test/0fbd5b20-9a7.png,0
test/0fbd9499-6a0.png,1
test/0fcae3f9-d1a.png,0
test/0fec358c-833.png,1
test/0fefb7d1-297.png,1
test/0ff04696-55c.png,0
test/0fff3c52-f49.png,1
test/1001e8ea-f94.png,0
test/103328e7-fb7.png,1
test/1046fa2c-f9e.png,1
test/1055b827-d91.png,0
test/105ee60a-f21.png,0
test/1068d3f9-cd8.png,1
test/108965bd-0a8.png,1
test/108aff1d-ba0.png,1
test/10d24123-fe6.png,0
test/10d3a5cf-d2b.png,1
test/10e29695-a3f.png,1
test/10ed445e-211.png,1
test/10ee6710-7c9.png,0
test/10f38b1b-12b.png,1
test/10fc4179-eda.png,0
test/110780fb-acb.png,0
test/110912e1-ae6.png,0
test/11132419-a10.png,1
test/11321c8b-e03.png,1
test/113f0073-00d.png,1
test/114433c4-72e.png,0
test/115b8383-bf9.png,1
test/116c2916-ff4.png,1
test/1198917c-76c.png,0
test/11a177f1-bac.png,1
test/11b36fd1-6d7.png,1
test/11ff1202-639.png,1
test/120a7a0b-1a7.png,0
test/1244759e-c26.png,1
test/1256573d-574.png,0
test/12587444-cc7.png,1
test/126c4af0-beb.png,1
test/128d16bb-418.png,1
test/12aec87f-043.png,1
test/12b44b42-d81.png,1
test/12c6579c-449.png,1
test/12ed6e3e-d08.png,1
test/12f0ae64-398.png,0
test/1300268a-6ca.png,1
test/130a44fe-97c.png,0
test/130f0772-3dc.png,0
test/131a6eda-2ba.png,1
test/1320cafe-9bf.png,1
test/13312e74-6eb.png,0
test/133a443e-935.png,1
test/136cacd7-d98.png,1
test/137572bc-e8d.png,0
test/1390aeba-f60.png,0
test/139360f6-2c4.png,0
test/13d02754-af5.png,0
test/13d78b64-96d.png,1
test/13da9cf3-fc0.png,1
test/13e02a67-dec.png,1
test/13fee601-710.png,0
test/14137553-4af.png,0
test/1419cf1d-d6f.png,1
test/14227767-c5c.png,1
test/143b2351-702.png,0
test/144b3adf-e9d.png,0
test/14635336-184.png,0
test/14777c94-d5d.png,0
test/1493b2c8-949.png,1
test/149d74f7-6b1.png,1
test/14b75138-fb7.png,0
test/14bfd806-971.png,0
test/14d6320c-f48.png,1
test/14d6e04b-be5.png,0
test/14e1f73a-222.png,0
test/1503bc92-707.png,0
test/150ce09f-3a7.png,0
test/15147061-93b.png,0
test/153e66b5-af3.png,0
test/159e999c-ec1.png,0
test/159f63b0-2f1.png,1
test/15d9c767-e89.png,0
test/15e3f262-265.png,0
test/15fbb924-3af.png,0
test/1604f7c5-9d5.png,0
test/16253eb0-685.png,1
test/163b4f45-3d5.png,0
test/165531a3-9e1.png,0
test/16595bcd-65c.png,1
test/165efb6f-399.png,1
test/1668f4e2-f09.png,1
test/166f32ff-bb3.png,1
test/16704c77-264.png,0
test/168509b2-6c0.png,1
test/1688f45c-01a.png,0
test/1692e478-23b.png,0
test/16be404a-69b.png,0
test/16e400d5-4fd.png,0
test/1702236a-e4c.png,0
test/173dff2b-177.png,0
test/17437a5f-88f.png,1
test/17483f1c-233.png,1
test/174eb835-177.png,0
test/178ed2fe-09e.png,1
test/17b05f66-2cb.png,1
test/17b52f51-022.png,0
test/17dad250-e67.png,0
test/17f0b4b3-569.png,0
test/184148d1-c20.png,1
test/18465af8-926.png,1
test/184f8583-1af.png,1
test/18542edb-5d8.png,0
test/186edc26-a79.png,1
test/187f2fbd-d7f.png,1
test/1882d79b-73c.png,0
test/189fad92-e12.png,0
test/18a1ee77-593.png,0
test/18b34505-445.png,1
test/18c4d92d-9fc.png,0
test/18c51f78-87b.png,0
test/18c72dff-410.png,0
test/18d6af5c-641.png,0
test/18d91b95-3b3.png,1
test/18db3286-64b.png,0
test/18df7bf9-aef.png,1
test/18e15641-2de.png,0
test/18ef9190-7c5.png,0
test/19016c70-807.png,1
test/1920e133-525.png,0
test/193107d7-b34.png,1
test/194022e3-466.png,0
test/1945cfa4-d23.png,1
test/19483ee3-024.png,0
test/19517e39-64e.png,1
test/196ea317-2f6.png,0
test/199cff20-216.png,1
test/19b6880f-d17.png,1
test/19cc599f-f01.png,0
test/19dd6164-d54.png,1
test/19ee8fad-70d.png,1
test/1a37ed32-201.png,1
test/1a382d50-60d.png,0
test/1a3a8398-383.png,1
test/1a3d9f39-de5.png,0
test/1a5d31c4-db8.png,1
test/1ab97686-bbb.png,1
test/1ac01fe9-948.png,0
test/1acb9957-da4.png,0
test/1acdc5a2-ad8.png,1
test/1ae36c5e-7aa.png,1
test/1aec0f40-319.png,0
test/1affbc52-7bd.png,1
test/1b1250f9-7e6.png,1
test/1b3b64ec-567.png,0
test/1b6a34d6-839.png,0
test/1b734a57-060.png,0
test/1b97fc69-049.png,1
test/1ba72cbb-7f3.png,0
test/1bae0a3f-b5e.png,1
test/1bb0eb80-6ca.png,1
test/1bc36263-bc9.png,0
test/1bc36843-3c8.png,0
test/1bc8c643-c6a.png,0
test/1c21b64d-940.png,1
test/1c24728d-abe.png,0
test/1c30b585-7cc.png,1
test/1c36c1d4-06f.png,0
test/1c547fa7-7d6.png,0
test/1c5d7bf6-6f1.png,0
test/1c5fcabb-d1a.png,0
test/1c634879-482.png,1
test/1c6612d1-88e.png,1
test/1c666fa2-21c.png,0
test/1c7d0416-ddc.png,0
test/1cb6fc7e-7fd.png,1
test/1cbe059f-d8b.png,0
test/1cc003ad-040.png,1
test/1cca0711-7e6.png,1
test/1ccffbb7-3b5.png,0
test/1d0677d0-423.png,1
test/1d0a7297-511.png,0
test/1d12a1cd-789.png,1
test/1d164a84-43c.png,0
test/1d16ca4f-4a0.png,0
test/1d1badbb-1ba.png,0
test/1d23da51-5fb.png,0
test/1d3b3494-7ab.png,0
test/1d3cedd0-4c2.png,1
test/1d54e0f8-781.png,0
test/1d5bfcc2-2a3.png,1
test/1d7259b6-f7f.png,0
test/1d8cfd04-fa2.png,1
test/1d91cc1f-cfa.png,1
test/1da2260e-039.png,1
test/1da2aad2-33b.png,0
test/1db8dd19-13b.png,1
test/1db945a3-0e5.png,1
test/1dc1795e-d93.png,0
test/1dc47bae-5cd.png,0
test/1ddb32fd-faf.png,1
test/1e19f1ff-1b6.png,1
test/1e33e975-7e2.png,1
test/1e3b0bd2-96e.png,0
test/1e446cf5-a91.png,0
test/1e5658dc-7d8.png,1
test/1e635a9e-20e.png,1
test/1e835993-148.png,1
test/1e942236-7ab.png,1
test/1ea0cad6-0e5.png,0
test/1eb690e8-f51.png,1
test/1ee2c738-aba.png,0
test/1efec954-9b8.png,1
test/1f02f9ea-2dc.png,0
test/1f3b22e1-4dc.png,0
test/1f6a0b06-cf6.png,1
test/1f7be081-e35.png,1
test/1f80e8bd-468.png,1
test/1f885eae-2d0.png,1
test/1f9d5e1f-2ea.png,0
test/1fd5928d-a36.png,1
test/1fdb399a-baa.png,1
test/1fdf0589-1d0.png,0
test/1fe888a1-7ce.png,0
test/2025dcb6-5cd.png,0
test/202e7572-42c.png,1
test/203520cf-bda.png,0
test/20410d60-fdc.png,0
test/20450dac-f51.png,0
test/20466456-87f.png,0
test/2047b375-9cb.png,1
test/20541c03-cba.png,0
test/20841d52-0c0.png,1
test/208bfd12-3ee.png,0
test/20a1b78d-b60.png,0
test/20b29bc6-055.png,1
test/21280e69-c23.png,0
test/212bc0de-218.png,0
test/212e1a97-d6d.png,0
test/213b5058-c54.png,0
test/213bdd18-e8b.png,1
test/214e4693-cfb.png,1
test/21580f87-190.png,0
test/216c2d17-924.png,1
test/216cd646-900.png,0
test/216d53fd-b45.png,0
test/217621a2-58a.png,0
test/21bf8872-16b.png,0
test/21ced931-0a9.png,0
test/21d5d74f-69a.png,1
test/21e00bef-b5c.png,1
test/21f53aad-c8d.png,1
test/225f68f5-5cc.png,1
test/22615578-1f0.png,0
test/2293a465-e4d.png,1
test/22a301e8-18d.png,1
test/22ddee9b-263.png,0
test/22e78c8d-14b.png,0
test/22fd7a23-653.png,0
test/230271fd-7f6.png,1
test/23033031-c73.png,1
test/23033ccb-b2d.png,0
test/230c81db-f21.png,0
test/232d4f1d-5c8.png,1
test/2345731a-5ac.png,1
test/2376ddd8-14a.png,1
test/2377d555-9f2.png,0
test/238864aa-2d6.png,0
test/239200c7-773.png,0
test/239fe705-ceb.png,1
test/23d05359-059.png,0
test/23d833be-67e.png,0
test/23efc252-bd1.png,1
test/23fed5a3-057.png,0
test/2408c442-657.png,0
test/24256588-cdc.png,1
test/242d64c3-b5b.png,0
test/243588ff-b4a.png,1
test/244787b1-92a.png,1
test/2449550a-7d3.png,1
test/24642ea3-794.png,0
test/24647931-d54.png,0
test/2478caf3-158.png,0
test/24838ab5-6eb.png,1
test/24cad489-b62.png,1
test/24db4716-788.png,1
test/2500a62a-f2d.png,1
test/25121325-e15.png,1
test/251ebbf2-fa8.png,0
test/253802c2-7a7.png,1
test/254f632b-a89.png,0
test/2551539b-4be.png,1
test/25526134-03c.png,0
test/255feffa-607.png,1
test/25664e8d-fce.png,1
test/2574fc2d-f00.png,0
test/25bb08ae-900.png,0
test/25bdf665-4a6.png,0
test/25cb7e2e-b0f.png,0
test/25e21391-4d9.png,0
test/25eda44b-648.png,0
test/262a15c1-bab.png,0
test/263d6f3b-57c.png,1
test/266dcd0a-5f3.png,1
test/2675293b-010.png,0
test/268e49e6-972.png,1
test/26ab6036-1a5.png,0
test/26b0484a-311.png,0
test/26b50fc3-4b9.png,1
test/26c930fb-f8d.png,0
test/26cbd83f-437.png,1
test/26d0ea44-4ac.png,0
test/26d7bc6b-28f.png,0
test/26e5c872-044.png,1
test/26ed6cc2-2da.png,1
test/26fcde58-4ef.png,0
test/270b7cc8-56f.png,0
test/2721dc9b-ae0.png,1
test/27252f76-97e.png,1
test/2726e4e5-0be.png,0
test/2729889e-61d.png,1
test/273024e2-8b3.png,1
test/274312fe-2d9.png,1
test/275ee21d-604.png,1
test/2761139a-905.png,1
test/277366ce-7e7.png,0
test/2775c114-936.png,0
test/27765cdf-f01.png,0
test/278e9d6f-613.png,0
test/27901fa3-967.png,0
test/27add468-c15.png,1
test/27c2d360-c95.png,1
test/27c8a630-100.png,1
test/27eddfbe-4bc.png,0
test/27f42486-5d7.png,0
test/27f7dd93-dd2.png,1
test/280214c4-afa.png,0
test/2844c125-9ef.png,0
test/284dcfba-b40.png,0
test/2857b9c7-3c0.png,0
test/286068e2-266.png,0
test/28688c92-869.png,0
test/28728232-102.png,1
test/28897a37-bef.png,0
test/2897c9e6-534.png,0
test/28e1a10f-0d8.png,0
test/2900bff0-1dc.png,0
test/29061cad-3bc.png,1
test/290bd281-ac7.png,0
test/291d5254-512.png,1
test/29437529-66e.png,0
test/2949c99d-530.png,0
test/294a2f34-e72.png,0
test/2967f4a4-cbe.png,1
test/2968cb15-208.png,1
test/297b7521-e1d.png,0
test/2984100c-a3f.png,1
test/2985b0d3-c00.png,1
test/2994b26b-e13.png,0
test/299efccd-d6d.png,1
test/29a6f971-a4e.png,0
test/29a95e32-3cd.png,1
test/29ad502e-ee1.png,0
test/29d66d88-460.png,0
test/29db18b2-b3c.png,1
test/29fceb36-d9e.png,1
test/2a043230-e9f.png,1
test/2a09bf26-c8c.png,1
test/2a11d94b-d25.png,0
test/2a2a519d-511.png,1
test/2a4b5165-971.png,1
test/2a966ba9-ec5.png,0
test/2a9d417b-9e4.png,1
test/2a9ee8e7-ebd.png,0
test/2ab2aa17-c52.png,0
test/2ab7ec33-eef.png,0
test/2ad31a36-460.png,0
test/2adaafe7-d57.png,1
test/2adfcbde-a96.png,0
test/2ae94f8c-94e.png,0
test/2aff3785-0a6.png,0
test/2b02cd71-5be.png,1
test/2b05ec32-1fa.png,1
test/2b0f6c49-2fa.png,0
test/2b10b961-dc3.png,0
test/2b27154e-43d.png,0
test/2b2fae21-bf4.png,1
test/2b376cf0-739.png,0
test/2b37750f-4d6.png,1
test/2b4aa5ec-080.png,1
test/2b563f70-e9c.png,1
test/2b64ce61-715.png,1
test/2b686239-f9e.png,1
test/2b760880-30b.png,0
test/2baaf5a4-10a.png,0
test/2beeb791-8d1.png,1
test/2bfb5225-c0c.png,0
test/2bff3f02-3c2.png,0
test/2c05f9af-8e2.png,1
test/2c176983-0ba.png,0
test/2c392b04-041.png,1
test/2c480754-bd7.png,0
test/2c50e5ca-338.png,0
test/2c570f89-0c9.png,0
test/2c5d874b-25c.png,0
test/2c5eddda-f91.png,1
test/2c63bb95-d97.png,0
test/2c807db9-7af.png,1
test/2c81539a-75f.png,1
test/2c9d9873-663.png,0
test/2ca73e76-cb9.png,0
test/2cab33e2-65f.png,1
test/2cbe96f1-f65.png,1
test/2cc61cae-4e8.png,0
test/2cf37f05-8f8.png,0
test/2cffff55-000.png,1
test/2d1c4422-78c.png,0
test/2d295969-12e.png,1
test/2d3b75de-384.png,1
test/2d3edffc-555.png,0
test/2d4e1375-b5c.png,1
test/2d5d2adb-a92.png,0
test/2d872280-529.png,1
test/2dc9c274-815.png,0
test/2dd4851c-203.png,1
test/2dd8ee55-fb6.png,1
test/2ddb7f97-de8.png,0
test/2df1e471-421.png,0
test/2df7dbf3-4fc.png,0
test/2dfe9db6-bcb.png,1
test/2e0c0c00-39c.png,0
test/2e133565-651.png,0
test/2e1bbe8a-08d.png,0
test/2e29a256-94e.png,1
test/2e2e46c2-af2.png,1
test/2e3c1e39-23b.png,0
test/2e3eb507-20f.png,0
test/2e574a81-5d8.png,0
test/2e79d3b9-d16.png,1
test/2e8d99fe-c2c.png,0
test/2eb14dd5-c8a.png,1
test/2ec4dd0f-52e.png,1
test/2ef0655b-5ab.png,0
test/2f0852d2-7fc.png,0
test/2f16cfb3-fa4.png,1
test/2f1c7246-9ac.png,0
test/2f1e6abe-df6.png,0
test/2f2329b4-3b7.png,0
test/2f2a330b-9f0.png,1
test/2f3e7d7f-44d.png,0
test/2f3f9f0f-d58.png,1
test/2f4f9163-760.png,1
test/2f558753-856.png,0
test/2f5662c7-072.png,0
test/2f566fbc-d9f.png,0
test/2f5b87d6-880.png,1
test/2f648192-969.png,0
test/2f65bade-9a4.png,0
test/2f6c4f0c-d79.png,0
test/2f7249ec-f03.png,0
test/2f789619-0b7.png,1
test/2f9341cb-15e.png,0
test/2fa7af14-317.png,1
test/2fa8a3ef-6ca.png,0
test/2fa983c5-dcd.png,0
test/2fda5505-500.png,0
test/30080398-f5c.png,0
test/303286df-c01.png,0
test/3036832f-1e3.png,0
test/3040a7bd-7fc.png,0
test/304f6a8f-7ab.png,1
test/307f9f20-1a4.png,1
test/309e3a95-922.png,0
test/30aad5a4-4e5.png,1
test/30b16417-7ba.png,0
test/30b9061a-6a8.png,0
test/30bc5a22-fa4.png,1
test/30bdb099-50d.png,1
test/30ebabb3-f74.png,0
test/30f48158-ac8.png,0
test/3101f873-6af.png,0
test/3113328a-7e0.png,0
test/31372b12-458.png,1
test/3144c1e6-d53.png,1
test/316bdbb3-8e1.png,0
test/3170e854-6be.png,1
test/318cd663-d6f.png,0
test/31aec032-ca0.png,0
test/31bae7ab-356.png,1
test/31ca158f-e52.png,0
test/31dcf8f5-b6a.png,1
test/31fd4883-c3b.png,1
test/32254f97-9c2.png,1
test/3226647d-a6b.png,1
test/3226b118-d75.png,1
test/3247e983-d24.png,0
test/328844d9-c38.png,1
test/328e36a5-3c4.png,1
test/3299618c-dba.png,1
test/32bb2967-130.png,0
test/32cacddb-518.png,0
test/32d73adb-04c.png,1
test/32dafdbe-99f.png,0
test/32dc9830-cb3.png,1
test/32f5e893-a21.png,0
test/330e7749-9ee.png,1
test/33515365-4d8.png,0
test/3353065c-a43.png,0
test/33652eca-745.png,1
test/3374363a-249.png,0
test/3391debf-938.png,0
test/33b554d1-3d2.png,1
test/33bb06f3-28c.png,0
test/33bd415a-48d.png,1
test/33c32e63-cd5.png,1
test/33c6dbcc-c80.png,1
test/33ccdaaf-d70.png,1
test/33fe7d97-9d6.png,0
test/342b131e-69d.png,1
test/3467a4b8-19f.png,1
test/34713545-46e.png,0
test/349ae334-7e1.png,1
test/34bac635-a0d.png,0
test/34c5d07e-a8d.png,1
test/34f2aec6-3c6.png,0
test/34fd9e8c-966.png,1
test/34ff414b-98c.png,1
test/35275045-21a.png,1
test/35428317-4e2.png,1
test/35477135-96d.png,0
test/35628989-8be.png,1
test/3573964b-79c.png,1
test/358dbd1d-462.png,1
test/3591bdc0-1b8.png,0
test/359ec935-c11.png,0
test/35b58f37-3a5.png,1
test/35bbc0da-241.png,1
test/35bf1a58-334.png,0
test/35ef8525-ea2.png,1
test/360056e8-d02.png,1
test/361e0bca-d91.png,1
test/3636421b-82c.png,0
test/3644d0e8-569.png,1
test/3651c6ca-f6b.png,0
test/3664263a-8a2.png,1
test/367f8b4d-d14.png,1
test/368dbbeb-837.png,1
test/369b6332-524.png,0
test/36c44c11-1c3.png,0
test/36c69f21-2e9.png,1
test/36d2b89c-a6a.png,0
test/36d6e612-6d3.png,1
test/370f4dcf-9e1.png,0
test/370f71c0-f6d.png,1
test/3715b1bb-788.png,1
test/371787c9-f95.png,1
test/3732fc68-6d5.png,1
test/37359708-f4f.png,0
test/373fbe97-a32.png,1
test/376a4343-a96.png,0
test/376d408a-793.png,1
test/37721d2c-478.png,0
test/377b63be-bad.png,0
test/3782e540-0d4.png,1
test/378c741b-78e.png,1
test/37a46b5e-29b.png,0
test/37ad6cd5-1bc.png,1
test/37ad9f3f-ec8.png,1
test/37b40b2d-5fe.png,1
test/37c7a0ee-be3.png,1
test/37d61a4a-7b7.png,0
test/37d8e736-dd4.png,1
test/37e4bcf5-2b0.png,1
test/3806326a-3c7.png,1
test/381890d9-5e1.png,0
test/382206fb-cfe.png,0
test/382efd7b-002.png,1
test/3833f75d-7b4.png,0
test/383734b6-0ee.png,0
test/3847b3e8-40d.png,1
test/38498341-221.png,0
test/387d6d73-8a5.png,0
test/388cc319-513.png,0
test/389bbedd-2fb.png,0
test/38b153ed-b91.png,1
test/38e8deb2-979.png,0
test/393b245f-8ad.png,0
test/395210a4-375.png,0
test/398226e8-c1b.png,1
test/3986f080-2f0.png,0
test/39a470e4-191.png,1
test/39a80812-9d6.png,0
test/39a88bf7-eff.png,0
test/39b066c4-eb5.png,0
test/39ca5f7e-709.png,1
test/39d82192-e96.png,1
test/39e70f68-56e.png,0
test/39f3e1ac-c1f.png,1
test/39f56195-dc6.png,0
test/3a08265b-08a.png,0
test/3a0aefbb-325.png,0
test/3a11f9a4-d1e.png,1
test/3a1e35e1-8f3.png,1
test/3a226208-81c.png,1
test/3a3204d8-d53.png,0
test/3a42b342-387.png,0
test/3a52b882-43b.png,1
test/3a5a9967-92e.png,0
test/3a6f929e-4f3.png,1
test/3a915f1e-a9c.png,0
test/3a94e103-caa.png,0
test/3a957472-0b2.png,0
test/3a95ed39-4db.png,0
test/3a9cfa56-e93.png,1
test/3ab399cb-49a.png,1
test/3ab76ee6-cd8.png,0
test/3ab785d4-8d2.png,1
test/3ac9a6f3-cc3.png,0
test/3af09231-74e.png,0
test/3af122a4-460.png,1
test/3af38d28-224.png,0
test/3b0c8374-ba5.png,0
test/3b14fd5a-52d.png,1
test/3b35114d-f64.png,0
test/3b3b9e0a-893.png,1
test/3b6e590d-a2b.png,0
test/3b7d4bb5-863.png,0
test/3b8b2e7f-f59.png,1
test/3bc0c511-617.png,0
test/3bd4b4b0-20c.png,1
test/3be87542-210.png,0
test/3c22b35d-466.png,0
test/3c491d91-2dd.png,1
test/3c75b38a-30e.png,1
test/3c7bb605-75b.png,1
test/3c860ec8-abb.png,0
test/3caabcc1-021.png,1
test/3cc74c34-e94.png,1
test/3cd0b27f-514.png,0
test/3cd5c90c-09c.png,0
test/3cf78b2a-41a.png,0
test/3cfc5b49-ae7.png,1
test/3d0e4933-154.png,0
test/3d167e3b-57b.png,0
test/3d1f72f4-8c7.png,0
test/3d225304-9bb.png,1
test/3d328ddf-7c8.png,0
test/3d4d0d7c-dba.png,0
test/3d5065ab-335.png,0
test/3d5f7efb-345.png,0
test/3d7454d3-b59.png,1
test/3d7670e7-ed7.png,0
test/3d79f637-4c4.png,0
test/3d7a8fdc-0b7.png,0
test/3d941fbc-834.png,0
test/3da08b20-016.png,1
test/3da99ab9-dbc.png,0
test/3db3244d-add.png,0
test/3db77e88-b34.png,0
test/3dc400e5-b7c.png,1
test/3dc83f7f-df7.png,1
test/3dee6188-ef1.png,0
test/3dfb0a49-7c5.png,0
test/3e292884-7ef.png,0
test/3e2add1d-0db.png,0
test/3e46c0d3-e20.png,0
test/3e53a614-6b4.png,0
test/3e54bf43-68c.png,0
test/3e56166c-688.png,1
test/3eb6da14-1d2.png,1
test/3ebc9c31-fb4.png,0
test/3ec833e2-8ba.png,0
test/3edb1f68-0d6.png,0
test/3ee989c6-93b.png,1
test/3eeb11b9-d48.png,1
test/3f20ebf2-40e.png,0
test/3f21a31f-056.png,0
test/3f3a0d14-c7b.png,0
test/3f3a26f7-a20.png,0
test/3f51e9fb-d80.png,0
test/3f663bf3-fe6.png,1
test/3f7adb45-d3e.png,1
test/3f8746ed-29d.png,1
test/3f98ec0f-68d.png,1
test/3fcc06f1-549.png,0
test/3fdc06fe-267.png,0
test/3fe66922-66e.png,1
test/3ff89764-449.png,1
test/400190a7-5d7.png,0
test/400b7d38-ff4.png,0
test/401effe6-1b5.png,1
test/4057daa8-c43.png,0
test/4067a996-879.png,0
test/40683e28-48b.png,0
test/406f6939-2d5.png,0
test/4080e2f1-349.png,0
test/40871b9e-fa5.png,0
test/408e4e6d-a68.png,1
test/40a0982d-c77.png,0
test/40a5c3b6-279.png,1
test/40c541fc-5af.png,1
test/40cdf511-610.png,1
test/40da958a-465.png,0
test/40dbf226-792.png,1
test/40e7f03d-e44.png,1
test/40eca79c-48e.png,1
test/40f0dbf8-797.png,0
test/40ff9e59-148.png,1
test/4103b4ce-b42.png,1
test/4107500d-649.png,1
test/410b8bcb-933.png,0
test/411278f7-035.png,0
test/4112d0ac-df5.png,0
test/413b051f-390.png,1
test/413cb1c9-274.png,1
test/413cdd8a-287.png,0
test/413f48ad-b36.png,1
test/4151fedb-631.png,0
test/4155e7df-8b7.png,0
test/415c2681-d9f.png,1
test/41621b3c-d99.png,0
test/41850433-2d9.png,1
test/41917f2e-1fb.png,0
test/41a30841-313.png,0
test/41b1d63e-bf9.png,0
test/41bd6776-5f1.png,0
test/41c69bff-97f.png,1
test/41df5907-9ba.png,0
test/41f27086-14b.png,0
test/42043b52-694.png,1
test/42088e97-e44.png,0
test/42102367-f31.png,1
test/421955da-6cc.png,1
test/422e9930-994.png,0
test/424a51a6-9a0.png,0
test/426e7a6e-7f2.png,0
test/42739af8-853.png,0
test/42963ec1-440.png,0
test/42a4781c-ea7.png,0
test/42ab1ba6-c44.png,1
test/42bd4ae5-081.png,0
test/42cf95fd-abb.png,1
test/42dc3493-b70.png,0
test/42e68122-292.png,1
test/42fb13e5-d65.png,0
test/43017fa2-68d.png,1
test/43143148-534.png,0
test/43170c4d-efe.png,0
test/4331bcf1-09c.png,1
test/4340063b-3dc.png,1
test/434dba0f-9e2.png,0
test/436af911-07f.png,1
test/43782e31-eaf.png,0
test/438b117c-962.png,1
test/438cf474-9cc.png,1
test/438f252e-eff.png,0
test/43a05387-a77.png,1
test/43aec1f8-3e0.png,1
test/43b42966-e34.png,1
test/43cbaed4-7e6.png,0
test/43ccfc06-ccb.png,0
test/43da9825-721.png,1
test/43db3dca-e8b.png,1
test/43e85876-383.png,1
test/43f9123c-e1d.png,1
test/44081349-037.png,0
test/440df557-b89.png,0
test/441cc344-fd5.png,0
test/4429e96c-757.png,1
test/44702cf7-c2e.png,1
test/44781c84-72b.png,0
test/447fd69d-f12.png,1
test/44966a5f-aad.png,0
test/44b3cb04-274.png,1
test/44ca1732-b3e.png,0
test/44d60d30-487.png,1
test/44ea12e2-621.png,0
test/44ec771d-34e.png,1
test/44f78047-3dc.png,0
test/4507dd47-b98.png,0
test/450eb482-1da.png,1
test/4516824b-6a3.png,1
test/4517ef4d-772.png,1
test/454ae5e5-e8a.png,1
test/455f4ab0-161.png,0
test/45782aef-76b.png,0
test/458de0b9-2cf.png,0
test/4594f7c2-ae8.png,0
test/45c4303c-cb4.png,0
test/45ec6975-f72.png,0
test/45f2779f-c30.png,0
test/45fc2c5b-c5b.png,1
test/45fd45e5-1ae.png,0
test/45fe8158-978.png,0
test/45ff5b8c-5cb.png,0
test/46028a96-62b.png,0
test/46150d1c-671.png,1
test/46180460-078.png,0
test/462cf72d-61f.png,0
test/462ffdd9-cc7.png,0
test/4645568c-d56.png,0
test/464add32-065.png,0
test/46675291-cc0.png,1
test/4674e91f-756.png,1
test/4694bc56-20e.png,1
test/46b17e16-726.png,0
test/46b29fa2-4c3.png,1
test/46b523b3-041.png,0
test/46e05d6a-37a.png,1
test/46e55f7a-3a6.png,1
test/46e5d144-386.png,1
test/46e5d610-08a.png,1
test/471bafe6-b82.png,0
test/472a530e-f26.png,0
test/473185b7-388.png,1
test/47517d3c-0f3.png,1
test/476296af-ad9.png,0
test/476724ab-923.png,0
test/47891359-548.png,0
test/479032d6-207.png,0
test/47b04006-ef7.png,1
test/47b0d302-8e9.png,1
test/47c56261-958.png,0
test/47e821ee-350.png,0
test/47ead88a-8c0.png,0
test/47f65087-786.png,1
test/47f7c000-6a8.png,0
test/482ba38f-002.png,1
test/4844efcb-dfa.png,0
test/4849b32a-462.png,0
test/48784c8a-466.png,1
test/4899b6aa-ebd.png,0
test/48ab5fe1-caf.png,1
test/48acadd6-489.png,0
test/48ca8ef6-54f.png,0
test/48d2c670-70c.png,0
test/48df63f0-9fd.png,1
test/48e4d5c2-6fa.png,1
test/48eabd6a-d95.png,1
test/48ff9484-c5a.png,1
test/4905735f-f5e.png,1
test/490ccb36-bf5.png,0
test/491ee73d-594.png,0
test/495a69b6-57a.png,1
test/49644c1b-794.png,1
test/49707c44-da3.png,0
test/497b2296-0b7.png,0
test/49936a0d-3f3.png,0
test/499a4da3-900.png,1
test/499ce895-2e0.png,0
test/49aa51be-c78.png,0
test/49f4d818-b4d.png,0
test/4a0125de-024.png,1
test/4a03ce28-f84.png,1
test/4a37d45e-544.png,1
test/4a3c84a5-714.png,1
test/4a603e2a-9b3.png,0
test/4a6ec86c-c3c.png,1
test/4a723597-51d.png,0
test/4a7d9466-fe9.png,0
test/4a89a792-81f.png,1
test/4aab276b-ba5.png,1
test/4aab3cc0-cbd.png,1
test/4ad584a6-4b4.png,0
test/4af1c811-bfc.png,0
test/4b1ce38a-dde.png,0
test/4b2e51d8-bdb.png,0
test/4b332192-61e.png,1
test/4b4f01ba-d0a.png,1
test/4b612df1-997.png,1
test/4b62911c-d24.png,1
test/4b90188c-d84.png,1
test/4b9598bb-43d.png,1
test/4babaf0f-ab5.png,1
test/4bbae77a-93e.png,0
test/4bd29ee0-cc6.png,1
test/4c02bd76-658.png,0
test/4c14c225-513.png,1
test/4c1f6c5d-39a.png,0
test/4c231a4b-17b.png,0
test/4c251234-e16.png,0
test/4c3084aa-14a.png,0
test/4c3891da-22f.png,0
test/4c467703-526.png,1
test/4c4c0dc9-167.png,1
test/4c561599-d62.png,1
test/4c6b23f6-6b2.png,1
test/4c74f6a1-0be.png,1
test/4c83a4f1-b0e.png,0
test/4c941533-738.png,1
test/4cad2db6-bd7.png,1
test/4d0384a0-846.png,1
test/4d126865-220.png,1
test/4d25e9fc-8ce.png,1
test/4d3c0da7-a42.png,0
test/4d571709-dfb.png,1
test/4d86e2e8-f90.png,1
test/4d8cda79-bb6.png,0
test/4d9685ae-d49.png,0
test/4d98099d-594.png,1
test/4dc7879b-41a.png,0
test/4dd9a2c3-e72.png,1
test/4dec9883-ddd.png,0
test/4e0b8f2f-d94.png,1
test/4e1c819a-1cb.png,1
test/4e1e9ff3-65c.png,0
test/4e26e0ba-66e.png,0
test/4e285cb7-421.png,0
test/4e38b0ff-99e.png,0
test/4e3c2567-8bd.png,1
test/4e3c28f1-396.png,0
test/4e43b70b-011.png,0
test/4e4e61c1-3d4.png,1
test/4e4ee9dd-89d.png,1
test/4e7f07b1-b48.png,1
test/4e8ab478-8d8.png,0
test/4e910df9-0f3.png,0
test/4e99be0b-428.png,0
test/4e9f80a2-90a.png,1
test/4ec7ea84-2ba.png,0
test/4ec86744-5eb.png,1
test/4edb9427-dca.png,1
test/4ee7a6e1-3d0.png,1
test/4eec2de7-a72.png,0
test/4f264924-b84.png,0
test/4f30cd68-8e8.png,0
test/4f3d09d4-0af.png,1
test/4f5a3dbb-ee5.png,0
test/4f6085c0-d91.png,1
test/4f6cf627-051.png,1
test/4f6e0c92-e5c.png,1
test/4f70efff-f80.png,0
test/4f742745-7a5.png,1
test/4f74680c-e4c.png,1
test/4f8997f7-490.png,0
test/4f8d7284-93d.png,1
test/4fadb9f4-ddc.png,0
test/4fc339f5-c6d.png,1
test/4fd287b7-876.png,1
test/4fd40975-5c1.png,0
test/4ff12322-5bb.png,1
test/500adb1d-9ed.png,1
test/50100c15-417.png,1
test/50221b2e-44c.png,0
test/502fd99e-474.png,0
test/503ed878-463.png,0
test/50405406-6aa.png,1
test/50475197-1af.png,1
test/50830152-c18.png,1
test/50852920-865.png,0
test/508a77f5-579.png,0
test/509186a2-96b.png,0
test/509518eb-822.png,1
test/50995b00-f7b.png,0
test/50a79541-24d.png,1
test/50b8c4a5-968.png,1
test/50ec7b79-561.png,0
test/50ef8c8b-8ea.png,0
test/510f2938-de3.png,1
test/5136796c-a01.png,1
test/5140c129-042.png,1
test/514cfb50-93d.png,0
test/516c957f-873.png,1
test/517411fa-7ad.png,1
test/51819303-611.png,0
test/51862e41-96d.png,1
test/51a5230e-a86.png,1
test/51d1a3de-aec.png,1
test/51d87dd2-cdf.png,1
test/51d99e96-d6b.png,0
test/51e1ea61-f8f.png,0
test/51e3813c-ae4.png,0
test/51ef0102-c3e.png,1
test/51f69e61-e91.png,0
test/52042cce-62d.png,0
test/521a338e-990.png,0
test/5229cbdb-4c8.png,1
test/523abb3b-2ef.png,0
test/523f6b59-fdb.png,1
test/5248a212-43f.png,1
test/5257e0f7-49a.png,0
test/527a9b41-8cd.png,0
test/527bb097-a7f.png,1
test/527d436b-f86.png,1
test/528f4d42-a17.png,0
test/5290b32c-65b.png,1
test/52a9f324-9b9.png,1
test/52b65d3b-752.png,1
test/52b6a2fa-ccb.png,1
test/52c72e6d-4f4.png,0
test/52d1c39a-39c.png,1
test/52e562c5-888.png,1
test/52e60f21-275.png,1
test/52ea5411-063.png,0
test/52ed175c-49b.png,1
test/52ef4246-430.png,0
test/531680df-dbf.png,0
test/5319f29e-78f.png,0
test/531f0b71-519.png,0
test/532e3cb3-b1e.png,1
test/533a361c-24c.png,0
test/5340a137-65f.png,0
test/534fdbc4-c74.png,0
test/5355372a-0f3.png,1
test/5355473d-e70.png,0
test/5355f353-367.png,1
test/537095b2-f87.png,0
test/5377ee11-a35.png,1
test/5395f583-706.png,1
test/539b6cc2-21b.png,1
test/53b9203a-061.png,1
test/53ba8c75-395.png,0
test/53bf8882-ad7.png,0
test/53c49211-e43.png,1
test/53cff02c-410.png,1
test/53d0930c-cfa.png,0
test/53d49d9c-5a2.png,0
test/53ed4c6c-8ee.png,1
test/541c7b54-933.png,1
test/541c9148-574.png,1
test/5428ed1a-a4c.png,1
test/542d4f87-dc2.png,1
test/547b7696-a91.png,1
test/548cbdd2-5b2.png,0
test/549c8e97-b81.png,1
test/549d996a-e30.png,1
test/55086983-6d0.png,0
test/5510621b-941.png,1
test/5527de9e-b7c.png,0
test/5539ada3-1f6.png,1
test/553fb7bc-c9c.png,1
test/554a15db-2c3.png,1
test/554e4119-5e3.png,1
test/5550aefe-2af.png,1
test/555b7d4d-d77.png,0
test/55754014-313.png,0
test/558e9eff-386.png,0
test/559f4782-4e1.png,0
test/55b73caa-be8.png,1
test/55da44f3-812.png,0
test/55e8f695-4a8.png,0
test/55ee2380-e63.png,0
test/561354e0-353.png,0
test/5618e414-959.png,0
test/56400bf3-edf.png,1
test/56678244-49d.png,0
test/566d9f22-c79.png,1
test/5684d01e-a0d.png,1
test/568570f8-f94.png,0
test/56ac0985-03b.png,1
test/56b49b48-9e6.png,1
test/56d644bd-dde.png,0
test/56d87bb9-c04.png,0
test/56d91fb6-fc5.png,1
test/56dc274f-e2e.png,0
test/56e4e813-553.png,1
test/56e782e4-989.png,0
test/56ec5d27-f82.png,0
test/570027f7-467.png,0
test/5713c746-452.png,0
test/57617d2e-316.png,1
test/57777fa0-c92.png,0
test/578f7729-e1d.png,0
test/57967f92-2be.png,1
test/579c4b39-e08.png,1
test/579d3c22-781.png,0
test/57b81d6d-5b2.png,0
test/57c34087-ba8.png,1
test/57c8db28-7fd.png,1
test/57cb41fb-37f.png,1
test/57d69a69-980.png,1
test/57e1e825-952.png,0
test/57e4752d-ef9.png,0
test/57e91d5c-1dc.png,1
test/57f8f9d3-647.png,1
test/5803eef4-408.png,1
test/58126d74-6a1.png,0
test/582a6743-112.png,0
test/582aaac5-d3c.png,1
test/58462266-3e9.png,1
test/585e2e1a-275.png,0
test/586b9555-076.png,1
test/588465c0-f77.png,0
test/589043e6-f06.png,0
test/58af5987-328.png,0
test/58b04a42-413.png,0
test/58c53c2b-bb6.png,1
test/58dafc0a-d0c.png,1
test/58ed0de7-fb0.png,1
test/59106600-ac6.png,0
test/59166aec-2c4.png,0
test/59250cbc-cb3.png,0
test/592b6988-e0f.png,1
test/593463a0-5c4.png,0
test/593ff6ad-e34.png,0
test/5945827c-bad.png,0
test/5951cc2f-856.png,1
test/5952ff7e-618.png,1
test/598f5e65-102.png,1
test/59a9591d-cc1.png,1
test/59b42c7b-b2a.png,0
test/59b9d958-b35.png,1
test/59c0dd1c-f32.png,0
test/59c1c2fd-5da.png,0
test/59d67e8f-283.png,1
test/59dbce19-dd7.png,0
test/59e85e12-e01.png,1
test/59f02e6e-41f.png,0
test/59f65b0d-ceb.png,1
test/59fd63af-e8d.png,0
test/5a0773f5-4de.png,0
test/5a08e988-43b.png,1
test/5a1883dc-a87.png,1
test/5a1de0aa-63f.png,1
test/5a35704c-32f.png,0
test/5a3bbc4e-eee.png,1
test/5a58a178-2b6.png,1
test/5a636402-732.png,1
test/5a6c1357-96c.png,0
test/5aa6659b-4dd.png,1
test/5abcf4c8-9ce.png,1
test/5ac25f34-35f.png,1
test/5ac83b7d-68d.png,0
test/5acb65be-b5d.png,1
test/5acd81e3-ede.png,0
test/5ad86551-209.png,1
test/5adaffdf-316.png,1
test/5ae5f8cd-ad7.png,1
test/5af15d14-6fd.png,1
test/5b08889e-c9a.png,0
test/5b0e2114-46c.png,1
test/5b38827e-9c7.png,0
test/5b396ed1-755.png,0
test/5b52426a-b6b.png,0
test/5b5c9a38-bbb.png,0
test/5b60c940-03a.png,1
test/5b620772-620.png,1
test/5b6fcb6d-8b7.png,0
test/5b724c02-e6d.png,1
test/5b7c2811-949.png,1
test/5b99601f-532.png,0
test/5b9a2a9b-65b.png,0
test/5b9c1bd8-971.png,1
test/5ba7c7ff-f15.png,1
test/5baa19c9-223.png,0
test/5bb9a19a-5b3.png,1
test/5bbaf5e3-25a.png,1
test/5bca981b-a50.png,0
test/5bee7d78-90f.png,1
test/5bf1ac79-dd6.png,1
test/5bfa35b6-135.png,0
test/5c18ba80-9cb.png,1
test/5c23bdb1-f19.png,0
test/5c2ab8d8-d89.png,1
test/5c2fc594-a00.png,1
test/5c3660dd-9fb.png,1
test/5c394fb6-ead.png,0
test/5c3c6838-a47.png,1
test/5c5846b2-9d4.png,0
test/5c5a651f-f30.png,1
test/5c8f440e-c59.png,0
test/5c9d5e6e-f59.png,0
test/5ca5cc4d-50f.png,0
test/5cc56bd5-e07.png,1
test/5ce67d69-f94.png,0
test/5ced8680-312.png,1
test/5cee4e38-916.png,0
test/5cf7b6fe-40a.png,1
test/5d1f9865-5c6.png,1
test/5d22c260-8d6.png,1
test/5d4bcd22-296.png,1
test/5d4f19cb-6fc.png,1
test/5d545eb8-755.png,1
test/5d624487-d47.png,0
test/5d658edc-fce.png,0
test/5d66c2a3-8b5.png,1
test/5d6c5b2f-3e3.png,1
test/5d898b3a-922.png,1
test/5d9d4020-189.png,1
test/5db7b0c1-812.png,1
test/5dcb7e74-c5a.png,0
test/5dddfadb-3a4.png,0
test/5e42fa48-62a.png,0
test/5e610b6a-542.png,0
test/5e73c4f0-328.png,0
test/5e886470-5b5.png,0
test/5ec0a2f0-35a.png,0
test/5ecb953f-e69.png,0
test/5edd30dd-9c1.png,1
test/5edf7370-a6c.png,0
test/5eea898d-9b5.png,0
test/5ef05dcc-8aa.png,0
test/5f13ee0a-be0.png,1
test/5f28eb32-3ba.png,0
test/5f8abf0c-601.png,1
test/5fb1fc69-3c1.png,1
test/5feb3926-340.png,0
test/5fefbe69-124.png,0
test/600df269-c28.png,1
test/601d1d56-b1d.png,1
test/60216153-bdb.png,0
test/602f0c62-7f0.png,1
test/602fee6f-4d0.png,0
test/60345adc-002.png,1
test/604f827c-516.png,1
test/605df85b-1f5.png,1
test/60796821-dc2.png,1
test/6086d5f5-cb9.png,1
test/60b9ed30-d0b.png,1
test/60ba8735-e11.png,0
test/60df2676-8ef.png,0
test/61107c8c-c71.png,1
test/612d32e5-20a.png,0
test/6139d976-eb0.png,0
test/613f6b62-4fb.png,1
test/613faf5a-c39.png,0
test/61475cfe-049.png,1
test/614a2194-abd.png,1
test/615c2190-747.png,0
test/6178b866-f12.png,1
test/6196052a-6fc.png,1
test/61aa5fb0-d5a.png,1
test/61ca9f40-b64.png,0
test/61d8f023-e6d.png,1
test/6204d54b-0a9.png,0
test/62165e97-eab.png,1
test/62245c92-e46.png,1
test/62281d98-626.png,0
test/62382114-767.png,0
test/6247207f-7cc.png,1
test/62495e4e-d66.png,0
test/625c2386-e56.png,1
test/6262a17b-cdc.png,0
test/626f4c3f-2d0.png,0
test/626f935d-57f.png,1
test/628dbc77-375.png,0
test/62b52185-032.png,1
test/62b795f8-398.png,1
test/62c9577e-bcc.png,1
test/62cc0d06-c4e.png,0
test/62da9664-5cc.png,1
test/62f56e1f-aec.png,0
test/6306206d-1a1.png,1
test/630c93b6-985.png,1
test/6325383c-def.png,1
test/633b54cb-f2c.png,0
test/633f0220-73c.png,0
test/634adb62-65e.png,1
test/635ab8aa-09a.png,1
test/636b8b5e-e1d.png,1
test/6372a12a-17f.png,1
test/6373ac9f-907.png,1
test/637c9122-032.png,0
test/637eb122-35e.png,0
test/63882aaa-587.png,0
test/63894a1e-be3.png,1
test/63bd54c9-ecf.png,0
test/63c8eed9-9f2.png,0
test/63cc19fa-8db.png,0
test/63e33f89-e8a.png,1
test/63f6a3ac-3ee.png,1
test/642d7293-72b.png,0
test/645569f9-dbe.png,1
test/6467234a-e4a.png,1
test/646e108b-575.png,1
test/64753a21-0f9.png,0
test/64800af7-fcc.png,0
test/6499e1cd-0fe.png,1
test/649f399e-8f6.png,1
test/64b4125a-bc2.png,1
test/64d68a3c-043.png,1
test/64fc61a6-052.png,0
test/6501b698-c89.png,0
test/6513e853-2ed.png,0
test/651e2468-951.png,1
test/6521d82d-96c.png,1
test/652d533b-0e3.png,1
test/6560b6d9-331.png,0
test/65703ee9-89d.png,0
test/6588a8df-3ce.png,1
test/658ed84f-f91.png,1
test/65a1d138-70b.png,1
test/65a4e6d9-c62.png,1
test/65b20676-2ab.png,1
test/65b5c3f6-430.png,1
test/65bc8b75-09c.png,1
test/65cb13fd-44d.png,0
test/65cbbdc7-320.png,0
test/65ccf7d4-21a.png,1
test/65f9d75d-a11.png,1
test/661bc0fc-55e.png,1
test/661e3335-288.png,1
test/662f31fc-6f9.png,0
test/663b494e-383.png,1
test/663fa0bb-d78.png,1
test/66a3f4ad-282.png,0
test/66b41faf-07e.png,1
test/66b4d632-e99.png,1
test/66ce6a35-395.png,1
test/66ec708f-0d1.png,1
test/671ddb31-a26.png,0
test/673298a5-e85.png,1
test/67343fd3-cdb.png,0
test/673bd5b6-f46.png,1
test/675db3ac-aa6.png,1
test/67685513-da0.png,1
test/6779a171-355.png,1
test/678196f5-9c7.png,0
test/678d91c7-cd3.png,1
test/67a11b4e-4da.png,1
test/67a8e063-314.png,0
test/67bbd696-5f4.png,0
test/67c06b09-0d8.png,1
test/67c4c7b5-2f3.png,1
test/67e92fa3-b11.png,0
test/67ec1cec-13c.png,0
test/6807f252-408.png,1
test/68494411-2d9.png,0
test/685c0134-aa7.png,0
test/68725fe3-51f.png,0
test/689366cf-781.png,0
test/68991659-cab.png,1
test/68a1a57a-f7a.png,1
test/68b8d2ac-b54.png,0
test/68c2d5b2-e87.png,1
test/68d0d37e-59b.png,1
test/68e9f3f3-c10.png,1
test/68faf393-2dd.png,1
test/68fce425-24e.png,1
test/690247b5-948.png,1
test/690321ea-ba4.png,1
test/691bdd01-2c9.png,0
test/69222f4a-2b3.png,1
test/6926be46-d7f.png,1
test/694cc310-44e.png,0
test/694f2604-2ad.png,1
test/695248a6-0cc.png,1
test/6954b644-58b.png,0
test/6966aeff-3b3.png,1
test/6975dfe2-b09.png,0
test/6983de4f-5e8.png,1
test/698520b8-1f5.png,1
test/698fea2e-817.png,0
test/69b2c47c-54f.png,0
test/69b49a13-5a9.png,1
test/69bff39c-c2f.png,1
test/69c17b97-ed0.png,0
test/69dd2cba-e2c.png,0
test/69f32470-58c.png,0
test/69fa9f17-df1.png,1
test/69fd4a19-561.png,0
test/6a0080ea-dfd.png,1
test/6a075935-dc1.png,1
test/6a079e01-638.png,1
test/6a07b941-723.png,0
test/6a16f449-eac.png,0
test/6a4bde07-5b8.png,0
test/6a647c84-0c8.png,1
test/6a6f8798-958.png,1
test/6a71a7b4-863.png,0
test/6a77baf5-c4c.png,0
test/6a786a9b-085.png,1
test/6a7b25f8-336.png,1
test/6a81b39d-8eb.png,0
test/6a860af2-ce3.png,0
test/6a860d6a-17d.png,0
test/6a8c40e4-414.png,0
test/6a91869a-fb3.png,1
test/6aae0203-fbf.png,0
test/6aae33bb-5e4.png,1
test/6adb63aa-d71.png,1
test/6adefcdb-b82.png,0
test/6ae41304-baa.png,0
test/6aecc04d-d9e.png,0
test/6aece461-e07.png,0
test/6afa0b0c-949.png,1
test/6b03dff1-8e2.png,1
test/6b3297ef-3f5.png,0
test/6b435762-d65.png,0
test/6b47d1b3-438.png,1
test/6b55e236-a81.png,1
test/6b5fd5c3-499.png,0
test/6b6b3153-0b7.png,0
test/6b73177b-f22.png,1
test/6b8976eb-176.png,1
test/6b9f3243-7e0.png,0
test/6bb4432e-2d9.png,0
test/6bb60065-e55.png,0
test/6bb6ae7f-490.png,0
test/6bb9ecae-4bd.png,1
test/6bca5bb2-331.png,1
test/6bf5b4e0-b9e.png,1
test/6bfba665-cbb.png,1
test/6c062773-58d.png,1
test/6c2040cc-558.png,0
test/6c3b4c97-587.png,1
test/6c4537ed-1ce.png,1
test/6c663929-b7c.png,1
test/6c6866e4-104.png,1
test/6cb621af-d5b.png,1
test/6cca8310-20f.png,1
test/6cdc2d6d-12b.png,1
test/6ce23301-518.png,1
test/6ce7183c-af6.png,1
test/6d1fc217-42b.png,0
test/6d25e420-ea5.png,1
test/6d650872-275.png,1
test/6d736f2c-ee6.png,1
test/6d7abfc4-f94.png,1
test/6d7fce96-d76.png,1
test/6d98f822-1e2.png,0
test/6da66daf-b14.png,0
test/6da95bdc-386.png,1
test/6daf4e11-0d5.png,0
test/6db063e1-ade.png,0
test/6db09a1a-1b0.png,1
test/6de25058-f00.png,0
test/6df45b35-6ad.png,1
test/6e07f7ad-e3c.png,0
test/6e12c3a8-645.png,0
test/6e3416f5-1de.png,0
test/6e490810-22d.png,1
test/6e4e311d-993.png,1
test/6e6a002f-dc2.png,0
test/6e6e9a1f-f5c.png,0
test/6e876f7e-b06.png,0
test/6e8d1c13-6ad.png,0
test/6ea56abd-9e1.png,1
test/6eb8e1f5-52c.png,0
test/6eec2952-bed.png,1
test/6ef0e33e-aad.png,1
test/6f043c78-29c.png,1
test/6f3f2d5c-1a2.png,1
test/6f6769e1-d9b.png,1
test/6f8353ba-71d.png,1
test/6f8ae639-ec9.png,0
test/6f9a5219-ac7.png,0
test/6fa6e980-f9e.png,1
test/6fd9942e-e03.png,1
test/6fe7b45b-167.png,1
test/6fffbe8e-880.png,1
test/7020a70e-32a.png,0
test/7022e99e-0ad.png,0
test/703ef65e-d6e.png,0
test/7058a3db-0d4.png,1
test/7059489b-8b0.png,0
test/706745d0-77a.png,1
test/7074b921-1e0.png,0
test/70886e0f-4c9.png,1
test/70972829-8eb.png,1
test/70a98bd0-09d.png,1
test/70ace911-4f7.png,1
test/70b17acb-6ac.png,1
test/70e488a2-ace.png,0
test/70ee6569-bcb.png,1
test/70f74ded-afd.png,1
test/711db69a-e14.png,0
test/7124fcc0-b2d.png,1
test/712e9fa5-230.png,1
test/7147a25f-0d9.png,1
test/7148f2e1-002.png,1
test/7162b716-104.png,0
test/7171678e-fdb.png,1
test/7173730c-612.png,0
test/71832ee5-22c.png,1
test/71ab8bbc-52d.png,1
test/71b2dcbf-778.png,1
test/71b6450d-d32.png,1
test/71b8be1b-f2d.png,1
test/71bffba0-d5d.png,1
test/71c36438-9f0.png,1
test/71c635af-82f.png,0
test/71c8e30a-ef0.png,0
test/71c9b288-298.png,0
test/71dfd48c-299.png,1
test/71ec56d6-81b.png,0
test/72039a4c-327.png,1
test/7209de3f-e6e.png,0
test/72328f07-f25.png,0
test/723427cc-9ce.png,1
test/726c46e8-13a.png,0
test/72839d3e-6df.png,1
test/729f591c-b5c.png,0
test/72a7676a-b3f.png,1
test/72b1eaca-c71.png,1
test/72c7f1ef-ff5.png,0
test/72dd49e0-1ce.png,0
test/72e2333d-10f.png,1
test/72f0ea17-8e8.png,1
test/72feeaa1-e93.png,0
test/7326abcc-670.png,1
test/733c104c-40d.png,0
test/737fc332-420.png,1
test/7381cfbb-cc8.png,0
test/739a1631-893.png,1
test/739d7a1f-314.png,0
test/739ffc8c-86c.png,0
test/73b8abaa-347.png,1
test/73c1741b-ff2.png,0
test/73c406ad-e96.png,0
test/73ef6099-a7a.png,0
test/740b6c20-063.png,1
test/741cf0db-3a2.png,0
test/74245328-afc.png,1
test/74245480-b71.png,1
test/742829ca-9b2.png,1
test/74356189-e35.png,0
test/744ef41c-eae.png,0
test/7453eb36-074.png,0
test/745f0146-d90.png,1
test/7460f9ee-df2.png,1
test/747bc178-b83.png,1
test/7480043e-8ef.png,0
test/7494203d-119.png,1
test/74a75e91-585.png,1
test/74aaf540-1a0.png,1
test/74b30811-a66.png,0
test/74c59233-724.png,0
test/74cda3dd-03f.png,1
test/74d59426-e1f.png,0
test/74d7dfab-efc.png,0
test/74eb685f-9f5.png,1
test/752c8635-2b2.png,1
test/7546bab9-53c.png,0
test/7550bf42-2e6.png,1
test/75514bc6-97f.png,1
test/7577c34f-c37.png,1
test/7578a6cf-1b6.png,1
test/759bef20-9cd.png,1
test/759e18c5-549.png,0
test/75a0e60f-ecb.png,0
test/75a736a1-15c.png,1
test/75b201c4-db5.png,0
test/75f4341b-2c9.png,0
test/7600a522-7b9.png,1
test/760392c7-2df.png,0
test/7625a5f1-9a4.png,0
test/763798c6-73f.png,1
test/763ad154-699.png,0
test/7646069f-dc5.png,0
test/7679b955-85c.png,0
test/767cc3a8-fb5.png,0
test/7682a771-59d.png,0
test/76929fc4-8a6.png,0
test/769c3d6b-f5f.png,1
test/76a085a8-e92.png,0
test/76a750e8-c4c.png,0
test/76ae66fd-aa6.png,1
test/76af86c2-5e1.png,0
test/76b78afb-39e.png,0
test/76ba9e27-79d.png,0
test/76cc32af-ece.png,1
test/76f4dc29-b08.png,1
test/76f85322-bcd.png,0
test/770c7140-0ce.png,0
test/7711ca0c-618.png,0
test/77144694-c33.png,0
test/7730e2c7-688.png,1
test/773b465f-064.png,0
test/77505cac-0eb.png,1
test/77588468-007.png,1
test/775d1057-22d.png,1
test/7763dbac-bb9.png,1
test/7769c8eb-ea8.png,1
test/77750f96-644.png,1
test/777edfc8-2a3.png,0
test/7781225d-148.png,0
test/7781c5b9-81d.png,0
test/7793e87f-2a6.png,0
test/779d8ff8-4e3.png,1
test/77ad4ab2-e5c.png,0
test/77aec49c-7d0.png,0
test/77c955aa-3e7.png,0
test/77dd5c86-5eb.png,0
test/77ed851c-0e8.png,1
test/77ee8769-c0e.png,0
test/780932fc-357.png,0
test/7811eb7b-43e.png,1
test/78200fdd-c07.png,0
test/7825d29d-6f9.png,0
test/782f6c79-1e3.png,1
test/78368ff3-7bb.png,0
test/78421b91-1ac.png,1
test/785134a3-801.png,0
test/78586491-840.png,1
test/787a9ff9-cdb.png,0
test/78b8a2a6-a5c.png,0
test/78bb60cf-4c2.png,1
test/78bb7891-b02.png,1
test/78c147a7-b02.png,0
test/78c656e4-b32.png,0
test/78d3be5f-699.png,1
test/78ee0281-20f.png,0
test/78ef945c-6b9.png,0
test/78f09ff7-a71.png,0
test/78f3380d-3c6.png,1
test/78f7a680-279.png,0
test/78fb6c4e-5fa.png,0
test/7903ea02-60c.png,0
test/79223545-179.png,0
test/7924c13b-dff.png,0
test/7934331b-2c8.png,0
test/793a3403-bac.png,1
test/7944dc14-257.png,0
test/7949cac8-2c8.png,0
test/7955b0a4-ce6.png,1
test/79647247-78e.png,0
test/796f2645-a40.png,0
test/7974be65-838.png,0
test/797970a1-386.png,1
test/7980d747-d2f.png,1
test/7980e674-4a4.png,0
test/799b0e13-ad1.png,0
test/79bfa397-9a0.png,1
test/79cab8cf-bef.png,0
test/79cca3b5-3f2.png,1
test/79d3cb83-d6e.png,1
test/79fbc2eb-5c7.png,0
test/7a192364-cd0.png,0
test/7a1ca9cf-e21.png,1
test/7a364938-83e.png,1
test/7a5f7339-317.png,1
test/7a699fee-085.png,0
test/7a6b7dd8-fe1.png,1
test/7a752198-22c.png,0
test/7a816c2b-66b.png,1
test/7a849719-cc9.png,0
test/7a87d72a-b9f.png,1
test/7ab06721-ad4.png,0
test/7ab783dd-6e1.png,0
test/7abbdc75-a57.png,0
test/7ac1fee2-215.png,0
test/7ad2f8a1-af7.png,1
test/7ae31300-e59.png,0
test/7ae90eea-357.png,1
test/7af9db04-ec8.png,0
test/7b0608d8-bea.png,0
test/7b2f2e68-0a4.png,0
test/7b3723e4-c9e.png,1
test/7b4151d7-806.png,0
test/7b41d697-5f1.png,0
test/7b5757d1-303.png,1
test/7b5bf720-08d.png,0
test/7b7597a1-cc5.png,0
test/7b78b1cc-135.png,0
test/7b7f1e5f-3d8.png,0
test/7b833dab-bb3.png,1
test/7ba46411-53f.png,0
test/7ba46a93-64a.png,1
test/7bcecb79-3c5.png,1
test/7bcfb3cf-068.png,1
test/7bddc9ec-616.png,0
test/7c1d46e9-43d.png,0
test/7c27bf66-d94.png,1
test/7c2cb10a-fc5.png,1
test/7c2e6e1d-6c2.png,0
test/7c31fb85-6a3.png,1
test/7c5e09c6-7ab.png,0
test/7c6f0b57-8c4.png,1
test/7c7cd1c7-8cb.png,0
test/7c8d4919-e8a.png,0
test/7c9f3f20-10b.png,1
test/7c9f5001-6d6.png,0
test/7ca245a9-b86.png,0
test/7cd63e2d-e6f.png,1
test/7cd92761-9cf.png,1
test/7cd9b65c-82b.png,0
test/7ce3e001-4c6.png,1
test/7d10b2e1-308.png,0
test/7d13770d-95f.png,1
test/7d30524a-9f4.png,0
test/7d34c615-d9c.png,1
test/7d4317d3-ceb.png,1
test/7d45fe7d-f3f.png,1
test/7d47ade8-755.png,0
test/7d51b56e-8da.png,1
test/7d52eefe-aaf.png,0
test/7d53fef1-b67.png,1
test/7d59bb2d-166.png,0
test/7d736729-c0a.png,1
test/7d901314-ed8.png,1
test/7d9b22c6-31d.png,1
test/7daca119-f4d.png,0
test/7db75f5e-06d.png,0
test/7dbf38f9-0e1.png,0
test/7dcfddc2-cfb.png,1
test/7df38912-f3c.png,1
test/7dffbc71-9c5.png,1
test/7e02eadf-f41.png,1
test/7e15d114-3ca.png,0
test/7e3c73f8-55f.png,1
test/7e41cdd8-efe.png,1
test/7e43f07b-42b.png,0
test/7e4e8524-497.png,1
test/7e540a82-bad.png,1
test/7e61040b-9c5.png,1
test/7e736da2-025.png,1
test/7e748ed0-e97.png,0
test/7e760484-c12.png,1
test/7e87a390-a78.png,1
test/7e8cebd9-e9e.png,1
test/7e8ee21b-d42.png,1
test/7e96a726-2a4.png,0
test/7e9889ec-93c.png,0
test/7eb3e235-8a8.png,1
test/7ebeeeef-84b.png,0
test/7eca3bc4-b77.png,1
test/7eda2382-f6f.png,0
test/7ee0a70c-b4f.png,1
test/7eff3b5d-0c7.png,1
test/7f0da494-78a.png,0
test/7f16d2d3-637.png,0
test/7f27c597-65c.png,0
test/7f2d7d28-1f8.png,1
test/7f314b0e-e25.png,1
test/7f3ca975-14b.png,1
test/7f80c2a4-116.png,1
test/7f8dcdcf-8d2.png,0
test/7fac790e-aea.png,1
test/7fc3a95c-61d.png,0
test/7fc4a515-250.png,0
test/7fe8e7c8-68f.png,0
test/800773dc-409.png,1
test/8013a1dd-ddf.png,1
test/802fb68b-96c.png,1
test/803ad33e-ca5.png,1
test/804eab48-38a.png,1
test/80571ceb-e86.png,0
test/805dd07d-6a8.png,0
test/8064a4dc-902.png,1
test/8090a539-6b0.png,1
test/809d0074-f0f.png,1
test/809e2de2-a96.png,0
test/80b5d4cd-69d.png,0
test/80b73d5a-4d5.png,1
test/80be7748-873.png,1
test/80bf45a0-b22.png,0
test/80ca0d83-736.png,0
test/80e6d4ec-92c.png,0
test/80eff1d9-86a.png,1
test/81147dd1-b8d.png,1
test/812a1d6f-11e.png,0
test/813577db-a50.png,0
test/8136df42-735.png,1
test/81388cf8-cdc.png,0
test/815ea91f-375.png,1
test/81931091-6e7.png,0
test/8194a1e0-d5c.png,0
test/8194fed7-fe3.png,1
test/819eccbc-726.png,1
test/81a8b2b8-98b.png,1
test/81b18705-149.png,1
test/81bd12cf-e61.png,0
test/823326dc-347.png,1
test/82346c3c-ff5.png,1
test/82556c15-3f2.png,1
test/825aea99-c7c.png,1
test/8268b96b-e35.png,1
test/826f9b68-344.png,0
test/8274200e-76b.png,0
test/8275873c-6d6.png,1
test/827d30d7-fa7.png,0
test/8288ff5b-022.png,0
test/828b5631-134.png,1
test/82915d10-c90.png,1
test/829dbbe5-831.png,1
test/82abc313-bb4.png,1
test/82e055da-8e4.png,1
test/82f66f80-964.png,1
test/82f91014-bc7.png,0
test/83040d79-ad3.png,0
test/8304829a-b44.png,0
test/83138b69-290.png,1
test/8325f07d-ec0.png,0
test/83357a6a-81e.png,1
test/8339a57b-2fb.png,0
test/833e89c2-358.png,1
test/83586c64-ed5.png,0
test/83639d2a-e55.png,0
test/837bd9be-02c.png,0
test/83845506-541.png,0
test/8391ea8d-c9f.png,1
test/83e2a6a6-fc2.png,0
test/83e900b6-b78.png,1
test/8405f20f-a60.png,0
test/8414fa70-d85.png,0
test/84230a71-b4b.png,0
test/84279275-495.png,1
test/84291c64-798.png,1
test/842b7430-96b.png,0
test/84396a78-572.png,1
test/84396cbe-348.png,1
test/843c3bf2-fd9.png,1
test/84479804-def.png,0
test/844bba13-376.png,1
test/84582751-698.png,0
test/846f4b33-31d.png,1
test/847c0398-971.png,1
test/848cf7be-908.png,1
test/84980fe2-2ff.png,0
test/84992a6d-ff6.png,0
test/84aed9cb-271.png,0
test/84bb1835-91f.png,1
test/84dc2ee4-8e6.png,0
test/84fa59de-43e.png,0
test/850d28bd-7ee.png,1
test/851fc707-08e.png,1
test/85255405-10b.png,1
test/8525f7d3-9b2.png,1
test/85404aa6-cdc.png,1
test/85484904-642.png,1
test/854b4963-a25.png,1
test/854b65df-bab.png,0
test/8555c09b-423.png,0
test/8589a332-152.png,0
test/858df6a3-c9c.png,1
test/859333d6-b65.png,1
test/85b1c2c3-81d.png,1
test/85d43423-d3f.png,0
test/85d5e2c6-13e.png,1
test/85fed479-6be.png,1
test/86080908-260.png,1
test/8609eeaf-1c6.png,0
test/8614b00b-b32.png,1
test/861dd1dd-6ea.png,1
test/862e6a16-2eb.png,0
test/863d9982-6a0.png,1
test/86532d2a-fe6.png,0
test/86603de8-42a.png,1
test/8673d4f7-807.png,1
test/8675705a-478.png,0
test/868df149-f35.png,0
test/86a3ef73-656.png,0
test/86adb68e-e83.png,0
test/86b9a746-3cd.png,0
test/86ba5170-9ab.png,1
test/86d88f2a-c49.png,0
test/8708aea7-6ce.png,0
test/872660be-c4e.png,0
test/8726cc2e-421.png,1
test/873012d3-9e9.png,1
test/87341187-715.png,0
test/875228fb-fe5.png,0
test/875dcce4-8a9.png,0
test/8780ca90-456.png,1
test/878aec2d-f55.png,0
test/87b091b5-922.png,1
test/87b2fa8f-e61.png,1
test/87b43a85-7d2.png,0
test/87b751a5-bb7.png,1
test/87dde559-63d.png,1
test/87e7ea28-87b.png,0
test/87f22469-b18.png,1
test/87f750e2-689.png,1
test/88127c2f-fd9.png,0
test/8822d44a-7da.png,1
test/883f7f82-98f.png,1
test/8848f73f-627.png,0
test/884b0ffe-447.png,0
test/88731d78-2d9.png,0
test/8879673d-328.png,1
test/88800da1-cc4.png,1
test/88bd2945-656.png,0
test/88bdbe2f-cb2.png,0
test/88c3868b-53f.png,1
test/88f49e6a-a6d.png,1
test/89152319-342.png,1
test/891c23cb-d74.png,0
test/89207a14-f0d.png,0
test/89226b04-6aa.png,1
test/892667bf-c26.png,1
test/894e1ad8-c0f.png,0
test/8964786b-726.png,1
test/8970427a-f03.png,1
test/8983769c-c0b.png,0
test/89ac0de9-72f.png,0
test/89b6cb23-2c3.png,1
test/89c036ed-0fc.png,1
test/89cb1e76-ea0.png,0
test/89d82878-3bd.png,1
test/89f41b61-f44.png,0
test/89f8cbcc-677.png,0
test/8a04235d-322.png,0
test/8a11d3df-b35.png,0
test/8a11f2c7-00c.png,0
test/8a29e1aa-0b7.png,0
test/8a3c6444-f2f.png,0
test/8a63a71e-9d0.png,0
test/8a72519e-865.png,1
test/8a7315d4-0c4.png,0
test/8a7dceef-a7c.png,1
test/8a9f948e-36d.png,1
test/8aa307bf-fe5.png,0
test/8aa66421-c4c.png,0
test/8abaa8ce-28a.png,0
test/8aeed627-d02.png,1
test/8af17a0f-ffb.png,0
test/8af4c0ee-6b6.png,0
test/8b0033e8-88a.png,0
test/8b374644-17e.png,1
test/8b58a560-e08.png,0
test/8b669c85-3d2.png,1
test/8b6765d7-f0a.png,0
test/8b79cc9e-fdc.png,1
test/8b7c648a-10d.png,1
test/8b7eaf20-e32.png,1
test/8b7f15b1-080.png,1
test/8b7f3da2-b25.png,1
test/8b8c9923-d44.png,0
test/8ba1d4e6-55a.png,0
test/8bc37e8a-dd2.png,0
test/8bfa78de-3cb.png,1
test/8c3999f0-3c5.png,1
test/8c44662e-a4b.png,1
test/8c489921-de4.png,0
test/8c5d31db-48e.png,1
test/8c651b93-8e7.png,0
test/8c673699-fab.png,1
test/8c908737-7cb.png,1
test/8cb54f58-1ca.png,1
test/8d00c352-441.png,1
test/8d026129-780.png,1
test/8d0de682-f71.png,1
test/8d26d8aa-69b.png,0
test/8d289bc4-b84.png,1
test/8d295e9c-107.png,1
test/8d33d091-658.png,0
test/8d48edb4-a27.png,0
test/8d4e4eaa-25a.png,1
test/8d59fe77-d34.png,1
test/8d5f0ff4-46a.png,0
test/8d634aab-670.png,0
test/8d68c025-5e4.png,1
test/8dd78815-f65.png,0
test/8deda72d-691.png,1
test/8dfa4d6c-70d.png,1
test/8dfd16ec-065.png,1
test/8e028eb0-703.png,0
test/8e0a19e2-963.png,1
test/8e1ecd41-002.png,0
test/8e212406-639.png,1
test/8e4f4563-c39.png,1
test/8e61e6c2-0dd.png,1
test/8e730bf6-458.png,1
test/8e7d4efc-131.png,0
test/8e8e8e8e-3eb.png,1
test/8e925b3d-920.png,0
test/8ec15783-b51.png,0
test/8ee13179-a2f.png,0
test/8ee25ee6-b12.png,1
test/8f011f80-080.png,0
test/8f13d4d5-842.png,1
test/8f180e1a-7f6.png,1
test/8f51d2b0-77f.png,0
test/8f6a6567-0ef.png,1
test/8f77d658-627.png,0
test/8f77f2ce-3e6.png,0
test/8f96c09c-781.png,1
test/8fafa7e3-0e0.png,1
test/8fb10b9e-1ca.png,1
test/8fc03e9c-969.png,1
test/8fe4f1f6-909.png,0
test/8ff8cbc5-5ff.png,1
test/8fffe0b3-bb9.png,1
test/900433a1-a6a.png,0
test/900ab54b-587.png,0
test/90188ae0-6be.png,1
test/90414fd0-977.png,0
test/9047635a-50a.png,0
test/9051e3d7-7ac.png,0
test/90685429-a9e.png,1
test/908125a8-1de.png,0
test/908ac06e-2a9.png,0
test/9094c14c-bb5.png,0
test/90981071-634.png,1
test/90c2dbe4-ad5.png,1
test/90c55dd6-43a.png,1
test/90cda91e-9e6.png,0
test/90db460c-cac.png,1
test/90de38f9-2da.png,1
test/90e37951-74d.png,0
test/90eba46a-a91.png,1
test/91232eb2-b64.png,0
test/912b5c5d-480.png,1
test/913fcaf5-b89.png,1
test/916b3f29-d1f.png,1
test/917c22bf-64e.png,0
test/91864e33-e08.png,1
test/91abfe8c-146.png,1
test/91b0fe36-754.png,1
test/91be2b9b-a9c.png,1
test/91ccb74b-71f.png,0
test/91e20c99-2cd.png,1
test/92022bbe-7cb.png,1
test/920bcaf2-0ea.png,1
test/920fdd6f-dcc.png,1
test/921b9413-073.png,1
test/922610de-b44.png,1
test/92381ff3-ab9.png,1
test/9240e26b-4f3.png,1
test/926653dc-cbc.png,1
test/926c7b06-90e.png,1
test/92970065-544.png,0
test/92e3000f-503.png,0
test/93073e37-f7c.png,1
test/930cddbc-8be.png,1
test/931560cf-864.png,0
test/931e4835-fb7.png,1
test/9322933c-11f.png,1
test/933d448e-435.png,0
test/93430b0c-311.png,0
test/934560dc-30b.png,0
test/93544da5-dc2.png,1
test/938b0d7d-f96.png,0
test/939c49fe-69e.png,0
test/93aa8edf-6d0.png,0
test/93c2e70e-6d8.png,0
test/941d8482-481.png,0
test/94220266-85f.png,1
test/94362211-344.png,1
test/9449d214-32a.png,0
test/945c9522-3a5.png,1
test/946fe242-466.png,1
test/9478bc2e-712.png,1
test/947ccbba-9a6.png,0
test/9480f465-644.png,1
test/94ba64fb-656.png,1
test/94c34fd5-79c.png,1
test/94ce8dc5-de2.png,1
test/94e0a0c6-554.png,1
test/95156043-531.png,0
test/951d88cd-6e3.png,0
test/9522972c-36e.png,1
test/952f1c1e-134.png,0
test/95382128-e97.png,1
test/954e94db-2c4.png,1
test/954f9fe7-eff.png,1
test/9555256a-725.png,1
test/9564565d-8b3.png,1
test/956a075b-a0a.png,1
test/9570f9bd-14d.png,0
test/9587f04e-4f0.png,0
test/95c55b5d-d80.png,1
test/95c64d5c-9a6.png,0
test/95c6df10-ecd.png,1
test/95cc5888-bba.png,0
test/95d43821-280.png,1
test/95dd2e97-174.png,1
test/960ec3d3-667.png,1
test/96231191-f20.png,1
test/96288117-8b4.png,1
test/962e942f-d48.png,1
test/96315b60-503.png,0
test/9638c276-003.png,1
test/963bd43f-acb.png,0
test/96568672-de4.png,0
test/9656a59c-16a.png,0
test/968a7ef4-c97.png,0
test/968fbfb1-81b.png,1
test/968fca85-bfb.png,0
test/969ccd5d-7f1.png,1
test/96a46192-9bb.png,0
test/96ae8849-be1.png,1
test/96c5d145-b73.png,1
test/96dcc329-dc5.png,0
test/970a61b2-24c.png,1
test/972822f6-5bd.png,1
test/972b5b93-cd6.png,0
test/972fc9be-ed8.png,1
test/97319475-643.png,0
test/9735eb8a-6ab.png,0
test/973bf8f7-e2e.png,0
test/9751e375-299.png,0
test/9756d69f-490.png,1
test/978052d5-ee8.png,0
test/978fbfa2-dd9.png,1
test/9794f3ca-700.png,0
test/9795501d-eb8.png,0
test/97b2e3d9-794.png,0
test/97ed91c9-3cd.png,1
test/97f464f4-c21.png,1
test/97fa3d95-23e.png,0
test/98008448-2a1.png,0
test/980a89fc-93a.png,1
test/9810dcdd-995.png,1
test/9825a1ce-b67.png,1
test/982ef5f5-6f0.png,0
test/9830ffbe-876.png,0
test/983bcc61-484.png,1
test/989b7fff-e95.png,0
test/98a5fd18-216.png,1
test/98a92e40-ce3.png,1
test/98af7c79-324.png,1
test/98b5b838-94e.png,0
test/98d7ce2d-fb9.png,1
test/98dd2122-8fc.png,1
test/98e0cefc-454.png,1
test/98e9ed7a-b53.png,1
test/98ee4b39-d7c.png,0
test/98f26c73-c55.png,0
test/98fab6b7-158.png,0
test/990f07da-8d6.png,1
test/992cff34-7f3.png,0
test/99552834-512.png,1
test/99564e22-b4d.png,0
test/995af186-f4a.png,0
test/996451da-26b.png,1
test/996e61d1-e48.png,0
test/99748d62-508.png,0
test/99790309-097.png,0
test/99886b1b-b04.png,0
test/999e7376-2d9.png,0
test/99af4eb8-095.png,0
test/99bc131a-0da.png,1
test/99dbd676-a8d.png,1
test/9a17088b-793.png,1
test/9a2c298c-a3d.png,0
test/9a46df0a-d87.png,0
test/9a618d40-89b.png,1
test/9a70a7c3-7ff.png,0
test/9a73b689-2a7.png,0
test/9a87ac9d-1c9.png,1
test/9a9132d0-a23.png,0
test/9a9acd0c-1a8.png,1
test/9a9e44f7-6c9.png,1
test/9ab55f92-dab.png,0
test/9ad3323d-efc.png,1
test/9b02775f-397.png,0
test/9b06134a-9d3.png,0
test/9b17297d-d13.png,0
test/9b1ffdaa-54b.png,1
test/9b2f99e0-45c.png,1
test/9b349068-978.png,1
test/9b3909de-e72.png,1
test/9b3cf484-7c2.png,1
test/9b3fd6c4-702.png,0
test/9b4e2ec2-7e1.png,0
test/9b5115fe-613.png,0
test/9b6ebb2d-fe2.png,1
test/9b6f61a6-e83.png,0
test/9b9478d9-284.png,1
test/9ba0452f-909.png,1
test/9ba9a224-d5d.png,0
test/9bb1bc44-8bb.png,0
test/9bbb2cd5-0fe.png,1
test/9bc37b55-ec6.png,1
test/9bc51376-7d6.png,0
test/9bcbad8e-bce.png,1
test/9bd0a7a9-f10.png,0
test/9c27ed41-a7f.png,1
test/9c5ba1e9-bce.png,0
test/9c607a37-a0e.png,0
test/9c76fde5-395.png,1
test/9c9da75c-ea6.png,0
test/9ce35534-4f1.png,0
test/9cf7a22c-cdf.png,1
test/9d161bf6-9f6.png,0
test/9d1fae4c-847.png,1
test/9d3b65f5-a15.png,1
test/9d666e59-4d8.png,0
test/9d8220f6-b44.png,1
test/9da60253-365.png,0
test/9da9c7d7-599.png,1
test/9dc87c59-279.png,1
test/9df60167-e33.png,1
test/9e01f281-417.png,1
test/9e10eda4-6b8.png,1
test/9e19822b-b2e.png,0
test/9e32eea7-d58.png,0
test/9e4d82a3-ab9.png,0
test/9e557af5-334.png,1
test/9e654fb5-471.png,0
test/9e6f6877-503.png,1
test/9e6fa9ad-28e.png,0
test/9e91af01-b9a.png,1
test/9e9622c8-34f.png,0
test/9eaaf0ee-d79.png,0
test/9eaea092-9be.png,0
test/9ec44558-bd2.png,1
test/9ecc3f8a-3e2.png,0
test/9ed53b87-1e1.png,1
test/9edfffd4-086.png,1
test/9ee39aae-c39.png,1
test/9f14375e-fec.png,1
test/9f15f849-e23.png,0
test/9f25de08-127.png,0
test/9f39c4cf-59f.png,0
test/9f3ec5e4-95c.png,1
test/9f48c528-7f7.png,0
test/9f57edde-01f.png,1
test/9f608ffd-be0.png,1
test/9f6ff2b2-586.png,0
test/9f86421f-e3b.png,1
test/9f9ca1b0-04d.png,0
test/9fbbbe26-fac.png,0
test/9fd45f35-343.png,1
test/9ffb5474-639.png,0
test/a0078fa7-dfe.png,1
test/a0092663-a9e.png,0
test/a0185488-e99.png,1
test/a04efb14-414.png,1
test/a066adab-cdc.png,0
test/a0750595-3f6.png,0
test/a0835498-d1f.png,0
test/a0864239-6b6.png,1
test/a08a4b3f-d33.png,1
test/a0a37933-92d.png,0
test/a0acfe58-798.png,1
test/a0bd4b12-358.png,0
test/a0f7dca6-22b.png,0
test/a11cd94c-8e2.png,1
test/a11eccce-56e.png,0
test/a11edd65-7d3.png,1
test/a1295b9f-9b5.png,1
test/a12e0748-3ed.png,1
test/a12f0c14-009.png,1
test/a133bd70-44e.png,1
test/a13bc622-363.png,1
test/a1567579-626.png,0
test/a17dc227-263.png,0
test/a1892dc0-752.png,1
test/a190dbb6-809.png,1
test/a1913e6f-eb7.png,0
test/a19b75e5-a4c.png,0
test/a1a9c65f-406.png,1
test/a1aab512-faa.png,1
test/a1ac9481-aab.png,0
test/a1c0ac53-ee7.png,1
test/a1c24f37-31c.png,0
test/a1c4c509-4ec.png,0
test/a1e08ee5-a84.png,1
test/a1e0a825-575.png,0
test/a1f91d19-31a.png,0
test/a1fb9227-f3b.png,0
test/a1ff3cf4-6e2.png,0
test/a2209da6-96d.png,1
test/a245a9c5-73c.png,1
test/a24ba571-a66.png,1
test/a265f037-e9a.png,0
test/a267bdf4-8ba.png,0
test/a27002a3-fbd.png,0
test/a2828024-63d.png,1
test/a284e7a5-2c9.png,0
test/a2859df9-1dc.png,0
test/a29acc23-753.png,0
test/a2a95dbc-b54.png,0
test/a2afdab7-69d.png,0
test/a2b5d5a2-b5a.png,0
test/a2b64720-287.png,0
test/a2dd881d-15d.png,1
test/a2e18a41-625.png,0
test/a2e3bae2-e46.png,0
test/a2ece46c-81c.png,0
test/a2f900b7-839.png,1
test/a30a1ce8-774.png,1
test/a30c25e5-f6d.png,1
test/a313fad8-435.png,1
test/a323c24b-751.png,0
test/a3275af8-e71.png,1
test/a335e8f6-5c9.png,1
test/a33a1952-ebe.png,1
test/a33c99b3-188.png,1
test/a34d2e6d-5c4.png,1
test/a34e70c8-4b8.png,0
test/a35ed671-401.png,0
test/a37a6b67-6f5.png,1
test/a38a6aa0-f7e.png,0
test/a3c64b13-f15.png,0
test/a3dbe027-d10.png,0
test/a3f8c540-c62.png,0
test/a3faae60-939.png,1
test/a408ecd6-5cd.png,1
test/a41467df-1c1.png,1
test/a4176208-b03.png,0
test/a420ce1d-b54.png,0
test/a42b5588-a2e.png,0
test/a4630d14-660.png,0
test/a467dee9-98c.png,0
test/a47943f4-ad7.png,1
test/a48cc992-323.png,1
test/a4a3ceb4-4af.png,0
test/a4aba794-aff.png,1
test/a4abc711-31a.png,1
test/a4ba678b-84b.png,0
test/a4c75d15-cde.png,0
test/a4c8864d-988.png,1
test/a5268ad0-91a.png,1
test/a53b31d9-1b0.png,1
test/a5457eec-5a6.png,1
test/a5560642-fd6.png,1
test/a56b574c-e62.png,0
test/a5858fc7-8e9.png,0
test/a5a14556-92a.png,1
test/a5a5d15f-7d5.png,0
test/a5a7b436-d86.png,1
test/a5b28103-07f.png,1
test/a635315e-f13.png,1
test/a639df53-fbd.png,0
test/a63d82b8-534.png,1
test/a64762be-9d2.png,1
test/a657a0c0-0c4.png,0
test/a65ce96b-c20.png,0
test/a66a4bac-c16.png,1
test/a685bea8-3f5.png,0
test/a697463f-fab.png,1
test/a6a6ba8f-bc2.png,0
test/a6adeb6c-f2d.png,0
test/a6d97eea-528.png,0
test/a6e1bc7e-38d.png,1
test/a6ec5010-0b8.png,0
test/a6eca909-8a9.png,0
test/a6f28eb1-cc5.png,0
test/a729f7c4-1ef.png,0
test/a73308f3-3c8.png,1
test/a7353ba0-8ae.png,1
test/a73e0df2-50b.png,1
test/a7610418-7e5.png,0
test/a7697c91-fbd.png,1
test/a79d8cd9-8af.png,0
test/a7be92c0-576.png,1
test/a7c1842e-613.png,0
test/a7d138b2-af7.png,0
test/a7d7730a-018.png,0
test/a7e4cc89-b54.png,1
test/a7f226f0-2fd.png,1
test/a8107fdf-5ef.png,0
test/a82a965f-a65.png,0
test/a82ff165-960.png,1
test/a85977b7-a94.png,0
test/a85d8eb9-061.png,0
test/a85e0d0f-6b6.png,0
test/a862775b-18b.png,0
test/a8639abd-c2b.png,1
test/a86d3474-b7e.png,1
test/a8706d49-51d.png,1
test/a87b7849-d28.png,1
test/a889a763-26d.png,0
test/a8ef3185-fe8.png,1
test/a90a1acb-105.png,0
test/a91ddda8-eeb.png,0
test/a92f313d-096.png,1
test/a938c3ee-de2.png,1
test/a9562021-8a3.png,0
test/a96bbbac-ae5.png,1
test/a9780153-ce2.png,0
test/a9836ab5-d28.png,1
test/a9843202-d85.png,1
test/a99c9f10-5c0.png,0
test/a9a0b4e9-bf3.png,1
test/a9b3958b-e3c.png,1
test/a9c6ccc2-c8d.png,1
test/a9d42ed9-930.png,0
test/aa023617-624.png,0
test/aa03aac5-5fe.png,1
test/aa06ed6f-841.png,1
test/aa56471f-b6f.png,0
test/aa5767fe-8ee.png,0
test/aa69e3f2-d79.png,0
test/aa8e080f-ce6.png,1
test/aa921064-04a.png,0
test/aa922391-e79.png,0
test/aab969ce-baf.png,0
test/aac32af9-9d5.png,0
test/aadaede7-cd3.png,0
test/aaea7670-fd0.png,1
test/ab165351-04f.png,1
test/ab3aebbf-f80.png,0
test/ab3b1db3-c9f.png,1
test/ab4bccb6-b6f.png,0
test/ab5ecaf3-d6c.png,0
test/ab748f75-d86.png,1
test/ab8346df-7eb.png,0
test/aba574ec-bca.png,1
test/abd34180-0c9.png,0
test/abe35cec-af8.png,0
test/abe8ced2-aad.png,0
test/abe959ed-02b.png,0
test/abf71bdc-c62.png,1
test/abfbd753-452.png,1
test/ac1411e2-0d1.png,1
test/ac14888f-65e.png,1
test/ac51b4d0-06b.png,1
test/ac5bf99e-c5d.png,0
test/ac675ede-ab1.png,0
test/ac7d59ee-23b.png,0
test/aca16712-a21.png,0
test/acb85a1f-814.png,1
test/acbb6a06-64d.png,0
test/accaee31-a76.png,1
test/acdb5eee-98d.png,1
test/acf8d2cd-991.png,0
test/acfa783c-17d.png,1
test/acfc10e0-024.png,0
test/ad052da7-7b6.png,0
test/ad1b1b65-00b.png,0
test/ad24d177-53c.png,1
test/ad2a1d2c-a3f.png,0
test/ad2c9bb2-d7d.png,1
test/ad361bb5-0f3.png,0
test/ad42291c-26e.png,1
test/ad6cbb7d-8e5.png,1
test/ad7263aa-45a.png,0
test/ad81db71-ea7.png,1
test/ad980416-f73.png,1
test/ada2b3a7-dbd.png,0
test/adde519a-3fd.png,1
test/ae0106b9-0d0.png,0
test/ae0188b4-7c1.png,1
test/ae036101-5d9.png,0
test/ae0bc818-c28.png,0
test/ae0eabc4-b76.png,0
test/ae0fe5dc-23e.png,1
test/ae25a0dd-a3e.png,1
test/ae29b22c-63a.png,1
test/ae3b5dd0-4e7.png,1
test/ae3c8a03-436.png,1
test/ae4391b9-bf1.png,1
test/ae92b3ac-4c0.png,0
test/ae94e53f-5b5.png,0
test/aebefdec-36a.png,1
test/aec6f044-6c3.png,1
test/aecb3200-0a2.png,0
test/af232bb4-9c8.png,1
test/af2a452c-16b.png,0
test/af35c8fa-a9b.png,1
test/af407fec-528.png,1
test/af459231-132.png,1
test/af4bde4f-916.png,1
test/af50c06e-b24.png,1
test/af66dba1-c58.png,1
test/af75770b-3a4.png,1
test/af7bbfaf-ce7.png,0
test/af7d3f2d-fbd.png,1
test/af880024-4ae.png,1
test/af91f088-61d.png,0
test/af940341-278.png,1
test/afb9aee9-16f.png,0
test/afbd6839-878.png,0
test/afd0d271-782.png,0
test/afd14d51-473.png,0
test/afd16d6b-412.png,1
test/afd586e3-14a.png,1
test/afd6698a-8cc.png,1
test/afe3c06f-025.png,0
test/afebd3af-1ad.png,0
test/afed9e05-b96.png,1
test/aff4cb34-792.png,1
test/b01c6d67-af3.png,0
test/b037b1b1-92d.png,0
test/b0510067-836.png,1
test/b0897ad8-5cb.png,1
test/b0a1c72e-7ac.png,0
test/b0a5391b-e0b.png,1
test/b0b80859-b3c.png,1
test/b0bea4e0-c03.png,1
test/b0c2f1b8-3f6.png,0
test/b0ccedd9-c2e.png,1
test/b0ed7bf2-32a.png,0
test/b0f69055-744.png,0
test/b106162e-57b.png,0
test/b10bfa4a-59d.png,0
test/b1151653-67a.png,1
test/b148487a-735.png,1
test/b1554868-14c.png,1
test/b1571b3a-14e.png,1
test/b15d967e-149.png,0
test/b1631a37-1d6.png,0
test/b16ca5fa-849.png,0
test/b177ccdc-f76.png,0
test/b19e49a9-de0.png,1
test/b1a683d0-36a.png,0
test/b1b5b5bc-cee.png,0
test/b1bc6a0f-deb.png,0
test/b1c6b332-743.png,1
test/b1e61657-557.png,0
test/b20ddfe3-450.png,0
test/b21d4aca-a58.png,1
test/b22133cf-bd1.png,1
test/b22f8336-12b.png,1
test/b2359ad0-e35.png,1
test/b23bc229-14e.png,0
test/b23fc725-b00.png,1
test/b243f30b-54a.png,0
test/b253df35-5a1.png,1
test/b26475e3-ad4.png,1
test/b26c31d6-8cc.png,1
test/b2779c53-156.png,0
test/b2a9282c-1e1.png,1
test/b2c5fd66-36b.png,0
test/b2d756d2-83a.png,1
test/b2dda515-cbc.png,0
test/b2de6ba0-603.png,1
test/b2e33a62-dbd.png,1
test/b303c1ea-d00.png,1
test/b305eb05-7d5.png,0
test/b30e6929-564.png,0
test/b32dfdd3-22b.png,1
test/b346b550-adc.png,1
test/b348dd6b-c49.png,0
test/b356b2c5-f67.png,0
test/b35c72ff-a8c.png,1
test/b37a70a0-10d.png,0
test/b3947bd1-1d6.png,1
test/b3a9e366-47c.png,1
test/b3e9d0a3-0af.png,1
test/b3f93471-65d.png,0
test/b3ff16f8-91b.png,0
test/b4173f1a-013.png,0
test/b4278cc3-6e1.png,1
test/b4281001-c94.png,0
test/b4414429-3ba.png,1
test/b45688eb-6e7.png,1
test/b45873c3-7c8.png,0
test/b4655a7d-5ad.png,0
test/b4784908-fbb.png,0
test/b47ca6e0-828.png,0
test/b47d5f37-20f.png,0
test/b4a04b2d-5a0.png,1
test/b4b57d3d-24e.png,0
test/b4b808d9-1cc.png,0
test/b4c1fda4-cfa.png,1
test/b4da5daf-7d0.png,1
test/b4db2053-701.png,0
test/b4f54ee2-379.png,1
test/b4f851cf-9f0.png,1
test/b500ce9c-402.png,0
test/b507b30e-461.png,1
test/b51ea3fb-1ef.png,1
test/b5289ad0-b86.png,1
test/b54d40aa-070.png,1
test/b5641d2b-b2e.png,0
test/b567cae7-f1b.png,1
test/b569de98-9d9.png,0
test/b56cee1f-a13.png,1
test/b571e1e0-d15.png,0
test/b576aa19-075.png,0
test/b57b5bd6-237.png,1
test/b581c6d7-d4a.png,1
test/b5a2408f-f61.png,1
test/b5ab6b87-3a6.png,1
test/b5b92a9d-525.png,1
test/b5b93aa1-52d.png,0
test/b5d0c7a0-9fc.png,0
test/b5dcb465-923.png,0
test/b5e3e13d-91c.png,1
test/b5e6d7d4-32e.png,1
test/b5f53d94-d53.png,1
test/b5f8ea50-75b.png,0
test/b5fc81a7-c1c.png,1
test/b5fd752c-089.png,1
test/b6207800-586.png,1
test/b626360c-385.png,1
test/b6285ea0-263.png,0
test/b639a49f-306.png,0
test/b6639d69-5aa.png,1
test/b6675ef4-c89.png,0
test/b6730624-48f.png,1
test/b683216d-ae6.png,1
test/b6870b4e-de6.png,1
test/b68f42fb-ff6.png,0
test/b68f9cd4-e9c.png,0
test/b692003b-178.png,1
test/b6b237fb-f5a.png,1
test/b6df3832-78c.png,0
test/b6f47832-a36.png,1
test/b70cf17f-425.png,1
test/b73f9f6c-a97.png,0
test/b74b9142-75b.png,1
test/b7693320-dd5.png,1
test/b7748fec-9a6.png,1
test/b774d235-79f.png,0
test/b78da294-78f.png,0
test/b79bb6dc-f81.png,0
test/b7c4cd3b-285.png,1
test/b80e15d3-be5.png,1
test/b82072b2-05a.png,0
test/b8294883-27c.png,0
test/b83f5cd5-94c.png,0
test/b844f5ce-3fe.png,1
test/b8486c89-c6a.png,0
test/b8575cdd-8c7.png,0
test/b864fa35-c8c.png,1
test/b86e9f3d-62b.png,1
test/b87a31a1-972.png,0
test/b87f9680-aa3.png,1
test/b88bdc6d-465.png,0
test/b8a23f85-05b.png,1
test/b8a4bce3-f25.png,1
test/b8acb134-da8.png,1
test/b8ca125b-7c9.png,1
test/b8cc9586-fa0.png,1
test/b8d2d416-be9.png,1
test/b8d5db67-406.png,0
test/b8efb189-b33.png,0
test/b91d5957-9ba.png,0
test/b9255ae7-654.png,0
test/b942ad0e-b3b.png,1
test/b9843947-48e.png,0
test/b9910684-dfd.png,1
test/b994ea72-523.png,1
test/b9b44146-980.png,0
test/b9b45f44-a7e.png,1
test/b9c284c3-d0e.png,1
test/b9e84882-259.png,1
test/b9fb2345-e29.png,0
test/ba00c484-9d3.png,1
test/ba2a2809-739.png,1
test/ba2d27bf-33d.png,1
test/ba3a4ab0-139.png,1
test/ba404cb9-368.png,0
test/ba4851dc-a25.png,0
test/ba4c30b5-6c3.png,1
test/ba50c104-552.png,1
test/ba58f8a3-4ca.png,1
test/ba9c60a5-a62.png,1
test/ba9ea443-7bb.png,1
test/baa50fa2-c8a.png,0
test/bac339f7-e3c.png,1
test/bac50e29-50c.png,0
test/baf1bfcc-759.png,1
test/bb0aaf51-095.png,1
test/bb17e5dc-3a1.png,0
test/bb287f32-a4d.png,0
test/bb2cf83b-975.png,0
test/bb347a0b-0c4.png,1
test/bb3574e3-d34.png,1
test/bb38ca35-502.png,0
test/bb41bbcc-619.png,0
test/bb495694-c07.png,0
test/bb592a2c-7b8.png,1
test/bb7a728c-a45.png,1
test/bb7bf4b4-9fe.png,1
test/bb7ef5d7-553.png,0
test/bb91bec4-9d7.png,1
test/bb981725-758.png,0
test/bbb1d8c6-ee9.png,1
test/bbd399dd-99d.png,1
test/bc45a008-172.png,1
test/bc5e7c42-c85.png,0
test/bc657e3b-c1c.png,1
test/bc667812-8d1.png,0
test/bc679197-5e4.png,1
test/bc68c64e-6e8.png,1
test/bc700bc2-fac.png,1
test/bc8523e9-80a.png,1
test/bc86fe09-1e5.png,1
test/bc8ccf32-1ec.png,0
test/bc9690e0-f4f.png,1
test/bc9c5bdc-04d.png,1
test/bc9daba4-c70.png,1
test/bca36f7c-18a.png,0
test/bcb78579-a51.png,0
test/bccba535-a89.png,1
test/bcd461bd-913.png,1
test/bced87a7-30f.png,1
test/bcee9379-d90.png,0
test/bd0182d3-02d.png,0
test/bd16baed-c56.png,1
test/bd3b4369-1ab.png,1
test/bd5ecbcc-438.png,0
test/bd668d76-760.png,0
test/bd7116f0-ad5.png,1
test/bd7cc690-c04.png,0
test/bd81f856-f46.png,1
test/bdaf5c2c-7ba.png,1
test/bdb98196-dd2.png,0
test/bde9ace2-697.png,1
test/bdfb53d6-79d.png,0
test/be190db0-09a.png,1
test/be3ce1ec-9dd.png,1
test/be4dcf38-79e.png,1
test/be5b7050-4d2.png,0
test/be6a6600-554.png,0
test/be9022d8-498.png,0
test/be922506-e53.png,1
test/be996852-10e.png,1
test/bebb9ff9-fbd.png,0
test/bebe81fb-fae.png,1
test/bec92a76-f03.png,1
test/bec999cc-ebd.png,0
test/bece9288-4b6.png,1
test/bed20322-926.png,1
test/beda9996-d24.png,0
test/bee29a3f-b7e.png,1
test/bef2823d-d1c.png,1
test/bf060c19-444.png,1
test/bf0abe10-6ab.png,1
test/bf104572-60d.png,1
test/bf2df8cf-d98.png,1
test/bf31d750-afb.png,0
test/bf421b65-933.png,0
test/bf498418-398.png,0
test/bf743091-65f.png,1
test/bf7e643a-20a.png,0
test/bf7f44da-bb6.png,0
test/bf8931b0-0f4.png,1
test/bf9912d1-620.png,0
test/bfaafbe3-be4.png,1
test/bfb156d7-498.png,0
test/bfb548e8-b0e.png,1
test/bfc1cd3e-cf9.png,0
test/bfc6d80e-584.png,0
test/bfcd9873-966.png,0
test/bfe73bb1-dab.png,0
test/bffdaab8-fc9.png,0
test/bffe0cee-ff2.png,0
test/c013def9-b8e.png,0
test/c014ce4e-338.png,0
test/c0155f6b-71c.png,1
test/c028ca1b-10a.png,0
test/c039e38d-e23.png,1
test/c07005d4-0a7.png,1
test/c07ce7bc-af8.png,0
test/c0adf429-faf.png,0
test/c0b77254-e40.png,1
test/c0cb4c96-7c3.png,1
test/c0fdb1bf-872.png,0
test/c11537f7-135.png,1
test/c127b307-201.png,0
test/c14d8190-29f.png,1
test/c157eb81-177.png,0
test/c163a874-6b8.png,1
test/c16972dd-7c7.png,0
test/c19e8b80-0c1.png,1
test/c1a17d3b-a67.png,0
test/c1b1ec68-c92.png,0
test/c1c32d8f-d01.png,0
test/c1c839b5-05b.png,1
test/c1d16a54-3fe.png,0
test/c1dac306-847.png,0
test/c1dcedad-2c7.png,1
test/c1fbb730-7fd.png,0
test/c218ca3d-e1b.png,1
test/c218e8c8-e52.png,0
test/c21bef6d-623.png,0
test/c2244651-78b.png,1
test/c233711c-556.png,0
test/c249cde8-b26.png,0
test/c276a036-ef7.png,1
test/c280a8e8-16f.png,0
test/c2abcb9b-a22.png,1
test/c2b3a701-bd3.png,1
test/c2dc27d7-33c.png,0
test/c320e7ac-434.png,0
test/c328cf5b-9b2.png,1
test/c328f612-666.png,0
test/c3352339-ba1.png,0
test/c34d5a74-a5f.png,1
test/c357ef06-aa9.png,1
test/c3704b59-4a7.png,1
test/c37a0258-6d4.png,1
test/c3839b6e-e00.png,1
test/c38aaa78-19e.png,1
test/c399e749-731.png,1
test/c39ff17e-3ff.png,0
test/c3c4b070-1c0.png,0
test/c3e57395-d0f.png,1
test/c3f666c6-52b.png,1
test/c418f5e0-12f.png,1
test/c4260262-63c.png,1
test/c4273a4b-24c.png,0
test/c4361e1d-19d.png,1
test/c43a6e89-597.png,0
test/c44e786f-1e9.png,1
test/c46af439-207.png,1
test/c49aea82-ec9.png,1
test/c4b27802-682.png,0
test/c4c9baee-75e.png,1
test/c4d1c703-8e1.png,0
test/c4d1fff8-463.png,1
test/c4d8239a-413.png,0
test/c4ea543c-cff.png,1
test/c503850a-0e7.png,1
test/c521fcf2-35d.png,0
test/c54b7c5a-ebb.png,1
test/c5604dc1-3de.png,0
test/c5923839-fb1.png,1
test/c5acfb54-a2b.png,1
test/c5c18838-3d6.png,1
test/c5ca2362-546.png,0
test/c5de342f-d63.png,0
test/c5e30219-f35.png,1
test/c5fa560f-c45.png,1
test/c5fc5f6c-f2c.png,1
test/c5fd6e62-164.png,1
test/c61a167d-997.png,1
test/c62c5e39-31a.png,1
test/c654b568-d09.png,1
test/c657ede1-ec7.png,0
test/c669fba9-489.png,0
test/c6ac7a5a-9a9.png,0
test/c6bb7266-4f4.png,0
test/c6be1eed-042.png,0
test/c6c18f57-563.png,1
test/c6c8da03-8ed.png,1
test/c6cc0e43-10f.png,1
test/c6db127b-714.png,1
test/c6dfd447-a4b.png,0
test/c6f054f3-690.png,0
test/c7125cf0-fc0.png,1
test/c71ab518-380.png,1
test/c71f4626-06b.png,1
test/c7288c80-2c5.png,1
test/c7306916-4f1.png,0
test/c730a9a0-7e3.png,0
test/c7342b00-d56.png,1
test/c77bb1fe-f59.png,1
test/c785936b-77f.png,1
test/c796d0c5-308.png,1
test/c7a79598-1cf.png,0
test/c7b9ce41-ed2.png,0
test/c7dbd710-fb1.png,0
test/c7e62f98-c88.png,1
test/c7e7a4b8-5c8.png,0
test/c8111322-c10.png,1
test/c81d6804-292.png,0
test/c81f7475-4a3.png,1
test/c82f7f1d-667.png,0
test/c8466d3b-a1f.png,0
test/c84d85b4-3c3.png,1
test/c873737e-151.png,0
test/c8823417-607.png,0
test/c88cb8f4-94e.png,1
test/c8a12bcd-130.png,0
test/c8a8f8ef-87e.png,1
test/c8c0372e-209.png,0
test/c8de5473-1f5.png,1
test/c8ebe473-c7f.png,1
test/c8ff2cdc-314.png,1
test/c907b932-686.png,1
test/c90e414a-eca.png,1
test/c910f5cc-c73.png,1
test/c91b2bf9-74b.png,1
test/c932aa3b-a56.png,0
test/c94f5aee-9a2.png,1
test/c950d0f9-fe9.png,0
test/c95e7ad1-546.png,0
test/c9608ba5-97d.png,1
test/c96323b8-965.png,1
test/c99bd306-6bc.png,0
test/c9cf16ca-6a2.png,1
test/c9db0310-638.png,1
test/c9db9090-e17.png,1
test/c9dc126c-2c2.png,1
test/c9eba11b-55b.png,1
test/c9ef53ea-af6.png,1
test/ca0ffd53-2d5.png,0
test/ca189de4-134.png,1
test/ca280993-3e0.png,1
test/ca4013b7-6b8.png,0
test/ca455d55-19d.png,1
test/ca5d74e4-b83.png,1
test/ca671c4b-4b2.png,1
test/ca77013c-d61.png,1
test/ca84abbe-f83.png,0
test/ca920ddb-a29.png,0
test/ca967ada-5ec.png,0
test/caa5441f-d16.png,0
test/caa743a1-b49.png,0
test/caa86775-e9e.png,0
test/cb01922d-2dc.png,1
test/cb363f75-978.png,1
test/cb3c0674-67e.png,1
test/cb61679a-1cc.png,1
test/cb61a851-37c.png,1
test/cb8b90cf-b23.png,0
test/cba9d596-71a.png,0
test/cbac9cd0-c6c.png,0
test/cbcf1988-f6b.png,0
test/cbd9d8a4-312.png,0
test/cbf279b1-cba.png,0
test/cbf43cd1-140.png,0
test/cbf99fc4-769.png,0
test/cc008d7b-653.png,0
test/cc4c862a-031.png,1
test/cc4f8803-36c.png,1
test/cc6375cc-337.png,0
test/cc64c1c7-1d4.png,0
test/cc6ffb5e-a18.png,1
test/cc7d3069-a4f.png,0
test/cc831dc3-ba2.png,1
test/cc91dd96-b25.png,1
test/cca37e97-221.png,1
test/ccf270a6-9d8.png,1
test/ccfaf9c6-365.png,1
test/cd0eeadd-154.png,0
test/cd153454-6fe.png,0
test/cd3169d3-146.png,1
test/cd65b638-5fe.png,1
test/cd6861ab-e35.png,0
test/cd9796d6-a0c.png,0
test/cd9e18f4-3b3.png,0
test/cd9e70ab-c3a.png,1
test/cda2a90e-7d6.png,0
test/cda38535-753.png,1
test/cdb52779-08d.png,1
test/cdbdd674-2e5.png,0
test/cdd00648-39e.png,1
test/cdec5120-4e8.png,0
test/ce139972-67d.png,0
test/ce18ff69-e72.png,1
test/ce36767c-33e.png,0
test/ce484676-9fb.png,0
test/ce5b2604-7b7.png,0
test/ce8c28f8-415.png,1
test/ce9b526a-071.png,1
test/cea15db5-555.png,0
test/ceacc997-ee7.png,1
test/ceb08e8e-1a6.png,1
test/ceb72894-d41.png,0
test/cee0c20d-22c.png,0
test/ceefaeda-9c1.png,1
test/cf053e1d-5c1.png,0
test/cf06717e-978.png,1
test/cf23419b-4c4.png,1
test/cf5c15d6-55d.png,0
test/cf5fd843-9ae.png,1
test/cf628f7c-2f1.png,0
test/cf770320-013.png,0
test/cf789b7d-74b.png,0
test/cf79b001-556.png,1
test/cf80a6ce-55d.png,0
test/cfa0c5c5-a9f.png,1
test/cfabdec0-ece.png,1
test/cfaeca0a-3f2.png,0
test/cfafc9ac-15e.png,0
test/cfbaa7f1-470.png,0
test/cfce7599-a16.png,0
test/cfcfe4d8-dca.png,0
test/cfd8589c-bbb.png,1
test/d014fda4-856.png,0
test/d025f03e-18c.png,0
test/d040d459-195.png,1
test/d04b7f2b-c2b.png,1
test/d0562d14-5a8.png,0
test/d056fb15-634.png,1
test/d05b83c4-2c4.png,0
test/d05f4ae5-dee.png,1
test/d066cdbf-104.png,1
test/d067bec1-775.png,1
test/d071bd58-e2f.png,1
test/d07a7ce4-41e.png,1
test/d08acbd7-f6d.png,1
test/d08c50e6-041.png,1
test/d0bb21e3-b4d.png,1
test/d0c21825-555.png,1
test/d0c3d71a-301.png,0
test/d0d3b334-3a3.png,0
test/d0e423ec-414.png,1
test/d0f8c519-e4a.png,1
test/d10130bb-d1d.png,1
test/d11354e6-6ae.png,0
test/d122b295-3ad.png,1
test/d1364ede-881.png,1
test/d141afe4-079.png,1
test/d15eaa9b-2b5.png,1
test/d162da98-670.png,1
test/d1778a5d-801.png,1
test/d17e87e5-4f5.png,0
test/d180c205-e0d.png,0
test/d1a43f44-651.png,0
test/d1a92245-87c.png,0
test/d1e3f411-1c8.png,0
test/d1ec67ba-0c4.png,1
test/d1efc788-977.png,1
test/d1f6b197-df1.png,1
test/d1f75e61-bd8.png,1
test/d203885f-8fc.png,1
test/d24163a0-54d.png,0
test/d250f7ec-b0c.png,1
test/d25426e1-775.png,0
test/d281ac33-3aa.png,1
test/d28846e2-671.png,1
test/d29e6a9e-fbd.png,0
test/d2a2d761-30d.png,0
test/d2c78196-0d5.png,1
test/d2c806b2-1d8.png,1
test/d2cc192f-4cd.png,1
test/d2cfb639-da7.png,1
test/d302582f-a70.png,0
test/d30c612b-bc0.png,1
test/d3161cf6-20f.png,1
test/d333ff88-8e1.png,0
test/d340ece8-64f.png,1
test/d3428e34-544.png,1
test/d347d403-833.png,0
test/d3a035fd-8a7.png,1
test/d3aac2ae-122.png,1
test/d3b6b2f6-ca1.png,1
test/d3df5b62-0ae.png,1
test/d3e06124-505.png,0
test/d4055fa9-ad6.png,0
test/d40e8e35-cd6.png,0
test/d40e94d2-c46.png,0
test/d4328f52-2fe.png,1
test/d43f8df1-078.png,0
test/d4476875-675.png,0
test/d44e5baa-bb8.png,0
test/d4528432-ade.png,1
test/d4575f17-75c.png,1
test/d46aaff3-834.png,1
test/d472b430-7ba.png,0
test/d476f159-750.png,0
test/d479bd9e-c30.png,0
test/d4804306-ab6.png,1
test/d4821e67-dde.png,0
test/d49749dd-a10.png,0
test/d4a9955d-d9b.png,1
test/d4b1341a-6aa.png,0
test/d4e3d5f3-56e.png,1
test/d4f51322-f15.png,1
test/d507022b-26f.png,1
test/d51dfcf6-dac.png,1
test/d52e3f75-570.png,0
test/d5515a11-b26.png,0
test/d55c1fac-38b.png,1
test/d56194f1-5b7.png,1
test/d5777041-5f8.png,0
test/d58ddf82-197.png,0
test/d5929956-6c0.png,1
test/d59a1efd-cc2.png,0
test/d59afd3c-508.png,1
test/d5a32ece-061.png,0
test/d5a70706-fd4.png,1
test/d5c92cdb-564.png,0
test/d5d16235-f85.png,1
test/d5d29ee1-313.png,1
test/d5d6e828-0db.png,0
test/d5de84db-ec2.png,0
test/d5f54aec-65c.png,0
test/d6047d36-16d.png,0
test/d60e1daa-d08.png,0
test/d62c5427-384.png,0
test/d62d989a-39a.png,1
test/d64021ea-f8a.png,0
test/d64f4bd5-413.png,1
test/d65159fe-146.png,0
test/d658dfb7-b25.png,1
test/d661a4e3-e71.png,1
test/d666c22f-8f9.png,0
test/d66a4f62-780.png,1
test/d673173a-761.png,1
test/d681a67d-1f7.png,2
test/d6820274-095.png,0
test/d68e159d-4e5.png,1
test/d691903d-cea.png,1
test/d6a0794d-d49.png,0
test/d6ac447c-d1f.png,0
test/d6b42b78-9d1.png,1
test/d6bad952-125.png,1
test/d6db5fda-2c0.png,1
test/d6eab21b-d3b.png,0
test/d7047fa3-76c.png,1
test/d747e26c-7c8.png,0
test/d75cf146-bb5.png,0
test/d773ebdf-682.png,1
test/d7884467-8e3.png,1
test/d79ce39a-fde.png,0
test/d7ac236b-a90.png,1
test/d7b59f3f-86f.png,0
test/d7bc8e2a-2fb.png,1
test/d7d50275-8d8.png,1
test/d7e06f61-ce3.png,0
test/d7e283c0-9cd.png,0
test/d7f0e40a-152.png,0
test/d7f2784b-eb6.png,1
test/d8014d94-d8b.png,1
test/d876a4b9-ef2.png,0
test/d8a281e2-ff0.png,1
test/d8a2befa-24c.png,0
test/d8a356bd-f7a.png,1
test/d8b13e6f-c6f.png,0
test/d8d33c6a-b62.png,0
test/d9007957-4d8.png,1
test/d9008158-9b2.png,1
test/d90082f6-3a8.png,1
test/d9099b64-f5f.png,0
test/d90b7c07-af9.png,1
test/d910e455-247.png,0
test/d91200fa-629.png,1
test/d91b3b71-2f2.png,0
test/d9342c50-56e.png,1
test/d9374062-be6.png,0
test/d9485030-6ef.png,1
test/d94915d1-847.png,0
test/d94e9ae0-fb7.png,1
test/d9593719-adc.png,1
test/d96bcda9-2a9.png,1
test/d96ee801-99e.png,0
test/d9822129-3e6.png,1
test/d9a10a88-d6c.png,1
test/d9b0a22e-47d.png,0
test/d9b7ccd3-d11.png,0
test/d9c3f16a-09c.png,1
test/d9e39c4a-226.png,1
test/d9e7fc40-bc4.png,0
test/da0445ec-dc8.png,1
test/da205cac-26b.png,1
test/da2743f5-458.png,1
test/da35a7fe-09e.png,1
test/da42597d-080.png,0
test/da585015-f55.png,0
test/da6a4a8a-e41.png,1
test/da6fb038-e86.png,1
test/da862b98-d71.png,1
test/da8f6877-f4f.png,1
test/dab823ce-918.png,1
test/dafad9a1-ad0.png,0
test/db10d6ed-02b.png,1
test/db1102e7-18e.png,0
test/db1d8c00-11c.png,1
test/db540901-2d5.png,0
test/db5d1fa4-41a.png,0
test/db603a8f-e68.png,1
test/db94390a-04c.png,1
test/db96e29e-d14.png,0
test/dbbab067-8ce.png,0
test/dbc0f0e5-8b5.png,0
test/dbc7dc36-031.png,0
test/dbc84825-c8f.png,0
test/dbca9585-d17.png,1
test/dc172d83-c56.png,0
test/dc56d211-7e1.png,0
test/dc58ac25-1f5.png,0
test/dc6ed4e5-82b.png,0
test/dc7512b4-78f.png,0
test/dc7bfd36-c9b.png,0
test/dc80add2-d5b.png,0
test/dc8a84b4-d48.png,0
test/dc8b988e-e9f.png,0
test/dc8bfd1f-ac7.png,1
test/dc8e8c5f-eb1.png,0
test/dcbd13f7-f9b.png,1
test/dcc766dd-697.png,0
test/dccd4d99-c6f.png,1
test/dcdea74c-eeb.png,1
test/dce3e1d4-5db.png,1
test/dcef68d5-adc.png,1
test/dd029040-fab.png,0
test/dd040493-4c7.png,1
test/dd33413e-e79.png,0
test/dd38b8d1-aa5.png,1
test/dd47b359-11c.png,0
test/dd48cf3c-610.png,0
test/dd530116-29a.png,1
test/dd549d13-8fd.png,0
test/dd5add43-825.png,1
test/dd5b77ba-223.png,0
test/dd8f57a0-8e6.png,1
test/ddac59d8-b99.png,0
test/ddb2acce-33f.png,0
test/ddb9a07c-10e.png,0
test/ddf44ebb-6ed.png,0
test/de096aaf-1ac.png,1
test/de1b5163-5c0.png,0
test/de28443f-aca.png,1
test/de361511-582.png,1
test/de58d68a-7e2.png,1
test/de727952-870.png,1
test/de8ae5d4-103.png,1
test/de9db99e-dbc.png,0
test/dec03e99-996.png,1
test/decfff2a-817.png,1
test/deecdbd7-a5e.png,0
test/defb460a-0ed.png,1
test/df0464a3-146.png,0
test/df1c1331-7d2.png,0
test/df3749ff-e53.png,1
test/df47d37e-e0a.png,0
test/df49db3f-d58.png,0
test/df631783-7b7.png,0
test/df65cfb4-7c9.png,1
test/df687bc9-782.png,1
test/df841b76-af0.png,1
test/dfa89b9d-236.png,0
test/dfaf7761-e00.png,0
test/dfb77987-e76.png,0
test/dfc063f9-f61.png,1
test/dfc29130-94a.png,1
test/dfc8aa05-e29.png,0
test/dfe20368-120.png,0
test/dfeab7a6-6ae.png,1
test/dff1553b-8a3.png,0
test/dffdc7f3-766.png,0
test/e0037bd7-dff.png,0
test/e00b5820-d0d.png,1
test/e011c376-f0a.png,1
test/e0227343-1e1.png,0
test/e0281b8b-1a7.png,1
test/e03a2421-2a8.png,0
test/e0447cea-60c.png,0
test/e05e0f67-fc7.png,0
test/e06e17f4-12e.png,1
test/e0829525-17f.png,1
test/e0865304-bdf.png,1
test/e087d59a-69e.png,0
test/e0a9b81d-cce.png,1
test/e0aaf45f-f63.png,0
test/e0bb3646-122.png,1
test/e0c060ca-872.png,0
test/e0ca2b31-380.png,1
test/e0ce1bea-2bf.png,0
test/e0cedb4a-9cb.png,0
test/e0db3b2b-c3f.png,1
test/e0e9f91c-e91.png,0
test/e1008377-1c9.png,1
test/e10bfa30-b39.png,1
test/e1134cae-686.png,0
test/e1141fad-b35.png,1
test/e123dbf1-7cb.png,0
test/e13b1038-661.png,0
test/e1470afd-4d4.png,1
test/e1755e51-9e0.png,0
test/e19fe34d-8db.png,1
test/e1a0839c-c4d.png,1
test/e1b97b3f-e16.png,0
test/e1c40bf6-cb8.png,1
test/e1cbf64b-7dd.png,0
test/e1dbd2c7-183.png,1
test/e1df301e-43f.png,0
test/e1e12d03-6f9.png,1
test/e1ef5830-e0e.png,0
test/e1ffb0af-241.png,0
test/e2094ab2-236.png,1
test/e2181d99-482.png,0
test/e21ed68c-717.png,0
test/e22e9d9f-922.png,0
test/e22fa960-a8b.png,0
test/e23431b6-821.png,0
test/e254865a-0a7.png,0
test/e27cdf9e-5d5.png,0
test/e280109e-c74.png,1
test/e2898e1a-f37.png,0
test/e29de766-a3a.png,1
test/e2a956fa-bb4.png,0
test/e2aa158e-c6c.png,0
test/e2d29f93-276.png,1
test/e2ece163-a69.png,1
test/e2f486f5-472.png,1
test/e3056473-99a.png,1
test/e313adb2-6a3.png,0
test/e31ea4ab-da8.png,1
test/e3288f47-ecf.png,0
test/e33860e3-f2f.png,0
test/e3794b83-488.png,1
test/e38a9d9b-71d.png,0
test/e394ff00-9ea.png,1
test/e3ad3db1-3cd.png,1
test/e3b07282-3b7.png,1
test/e3c393a1-665.png,0
test/e3c73934-0d2.png,1
test/e3c7d9c2-3f2.png,1
test/e3f1b275-2f2.png,0
test/e408ea25-128.png,0
test/e411202d-d04.png,1
test/e418a2ea-b76.png,0
test/e4255aa6-715.png,1
test/e42f651c-e80.png,1
test/e43b499f-168.png,1
test/e44028ea-7ee.png,1
test/e44e7ce9-7a7.png,0
test/e4713b12-867.png,0
test/e4773326-327.png,1
test/e477c31a-dc6.png,1
test/e4855a53-93d.png,0
test/e486d5d9-2e7.png,1
test/e48a283c-c8b.png,1
test/e4ac53e9-8f1.png,1
test/e4ad3996-45a.png,0
test/e4c2efc6-677.png,0
test/e4c7d33d-02b.png,1
test/e4e1b67c-206.png,1
test/e50cc243-5a3.png,1
test/e51653c3-588.png,1
test/e51ac913-251.png,0
test/e5218d5a-69b.png,1
test/e5299ea0-6fc.png,1
test/e533e240-ffb.png,1
test/e54d78e2-70d.png,1
test/e55ec450-371.png,1
test/e59a4a74-cec.png,0
test/e5a61a70-27e.png,1
test/e5a8aeee-ed4.png,1
test/e5aead3e-46d.png,0
test/e5bcb148-05d.png,0
test/e5cb9224-e27.png,1
test/e5df677d-570.png,1
test/e5e7e317-811.png,0
test/e614c526-c72.png,0
test/e624448d-ac5.png,1
test/e62f78e2-2b1.png,0
test/e643ce36-424.png,0
test/e646e4cf-e51.png,0
test/e65371a8-11c.png,1
test/e655da9f-288.png,1
test/e66ce1b8-c12.png,1
test/e66d90c0-08e.png,0
test/e6707cd9-00d.png,1
test/e678588c-87f.png,1
test/e68c0e30-b6d.png,1
test/e6a9fce6-a7f.png,0
test/e6acccdd-af5.png,0
test/e6ad9b0c-947.png,0
test/e6b20bce-c41.png,0
test/e6c6a78b-ca8.png,0
test/e6cb6c3c-178.png,1
test/e6f08fa0-960.png,0
test/e740a2ee-b25.png,1
test/e7536484-eef.png,1
test/e7614afa-e34.png,0
test/e77acb30-4e5.png,0
test/e7859bbd-c91.png,0
test/e790842e-255.png,1
test/e791fe1d-8ad.png,1
test/e7ad4c82-fa1.png,0
test/e7b207aa-67d.png,1
test/e7b80c61-731.png,0
test/e7c934b7-d0f.png,1
test/e80527fe-325.png,0
test/e80b21a9-50b.png,0
test/e8177a9e-52b.png,0
test/e8186f29-4fe.png,0
test/e8256997-cfa.png,0
test/e82e5813-4c1.png,0
test/e82ea4a0-f2d.png,1
test/e836cc09-bfe.png,1
test/e854c93d-cc6.png,0
test/e8569741-4dc.png,1
test/e8624ca9-7ba.png,1
test/e8750017-de3.png,1
test/e875696a-cc6.png,0
test/e88cd2e7-2fd.png,0
test/e892f5ff-83f.png,0
test/e8950717-af7.png,0
test/e89be096-c9e.png,1
test/e89ea23e-5d6.png,1
test/e8b7dae1-2d2.png,1
test/e8c91d6f-249.png,1
test/e8d6fd28-ba4.png,1
test/e8f6d6e0-ff9.png,0
test/e9033002-c20.png,1
test/e9158545-88e.png,0
test/e918af14-2c0.png,1
test/e92f486f-cb9.png,0
test/e93cd19c-e3f.png,1
test/e951f21d-7b1.png,1
test/e9ddd449-b1c.png,0
test/e9f56bc4-a17.png,1
test/e9f7d571-f2a.png,0
test/ea04fcaf-4c9.png,0
test/ea1339b7-d91.png,1
test/ea155d10-961.png,0
test/ea2106f3-71c.png,1
test/ea345342-3ca.png,1
test/ea38a13a-633.png,0
test/ea45eae1-dc4.png,0
test/ea486d8e-f8d.png,1
test/ea51279c-5d9.png,0
test/ea66e027-c58.png,0
test/ea73a93d-3ab.png,0
test/ea7f4444-74e.png,0
test/ea95c51a-c10.png,1
test/ea963889-5a4.png,1
test/ea99be3c-04a.png,1
test/eac6b73d-076.png,1
test/eacc1cbb-e4c.png,1
test/ead0cc06-ce6.png,1
test/eae6d7a8-411.png,1
test/eb176cec-7ab.png,1
test/eb17b8f9-67a.png,1
test/eb340fb9-25e.png,0
test/eb489cf0-afb.png,1
test/eb585cf5-059.png,1
test/eb71b9df-689.png,1
test/eb74b995-95b.png,0
test/eb7c68ab-ea3.png,1
test/eb7fee25-6a7.png,0
test/eb881a05-840.png,1
test/eb947aad-e9b.png,1
test/eb9de7a7-584.png,1
test/ebbfeab2-e29.png,0
test/ebccfc26-144.png,0
test/ebd96ec6-391.png,0
test/ebf6933c-b5f.png,1
test/ebfb5fe0-482.png,0
test/ec0e1979-669.png,0
test/ec1d3b35-43d.png,1
test/ec1f6869-1e6.png,1
test/ec20f27c-b20.png,0
test/ec37302f-e27.png,1
test/ec549183-d03.png,0
test/ec58d144-506.png,0
test/ec64614f-ba7.png,0
test/ec6473e9-6f6.png,0
test/ec88ee9e-532.png,1
test/ec8a5d4c-024.png,0
test/ec8fee71-a4a.png,1
test/ecec3f87-66b.png,0
test/ecf66444-d3b.png,1
test/ed0bf7b2-cf6.png,1
test/ed186f70-75f.png,1
test/ed1ddfbb-60a.png,0
test/ed2158c0-0a3.png,1
test/ed2309d8-275.png,0
test/ed370fe8-7c2.png,1
test/ed6fdd63-a4f.png,0
test/ed78d41d-d25.png,0
test/eda0509f-778.png,1
test/eda67415-6f4.png,0
test/edc0004e-0e3.png,1
test/edc48a42-b3d.png,0
test/edd7e6f0-70e.png,1
test/edd85dac-958.png,0
test/edeaba10-048.png,0
test/edfe0fcd-d9f.png,0
test/ee17028b-b00.png,1
test/ee2e4584-757.png,0
test/ee415c3c-808.png,1
test/ee5f2421-99b.png,0
test/ee6bfcfc-c6e.png,1
test/ee6e21ea-881.png,1
test/ee7b1bbb-7c8.png,1
test/ee7e93c9-e0c.png,1
test/eeb2fae3-94d.png,0
test/eee02ac9-c9f.png,1
test/ef16dc18-d41.png,1
test/ef1728ab-075.png,0
test/ef17a663-3d6.png,1
test/ef1eea3b-2b7.png,1
test/ef3a1deb-2b1.png,1
test/ef455f6d-ffd.png,0
test/ef4d497f-047.png,0
test/ef4e73dd-376.png,0
test/ef5d78a0-1da.png,1
test/ef618db3-330.png,0
test/ef645595-7ce.png,0
test/ef73a7e0-084.png,0
test/ef80a520-a06.png,0
test/efbd65b4-223.png,1
test/efcd0d2a-20c.png,1
test/efdb084e-67e.png,1
test/effc4377-151.png,0
test/f00583cc-9c8.png,0
test/f01b3f95-4c0.png,1
test/f01ee634-192.png,0
test/f0206a61-a74.png,0
test/f045e181-eef.png,0
test/f0494a4d-603.png,0
test/f07abec9-3b8.png,1
test/f098e173-c2e.png,1
test/f09c8a83-ab7.png,1
test/f0b35fb4-daa.png,1
test/f0e70532-474.png,1
test/f0f5c276-7e5.png,1
test/f0fde4eb-d3f.png,0
test/f1003125-3b1.png,0
test/f1034831-c82.png,1
test/f1037428-0a0.png,0
test/f103ddee-345.png,1
test/f10d76a3-675.png,0
test/f121086c-f8d.png,0
test/f136882e-42a.png,1
test/f14b1021-b92.png,0
test/f16a595d-405.png,1
test/f173eaad-a0d.png,1
test/f1744a90-7a2.png,1
test/f19e9901-681.png,1
test/f1aed49f-bfe.png,1
test/f1d6fb28-3c8.png,1
test/f1ec69cb-2a7.png,0
test/f1efb2d4-b44.png,0
test/f1f3301c-d70.png,1
test/f207a981-1e4.png,1
test/f208aa8c-68c.png,1
test/f20be32a-3dd.png,0
test/f2375b1a-612.png,0
test/f2395f38-ee7.png,0
test/f24411cb-db6.png,1
test/f25e15b3-fef.png,0
test/f2632eaa-289.png,1
test/f27054f9-081.png,0
test/f279925b-f3c.png,0
test/f283f062-4db.png,1
test/f29c4778-b5a.png,0
test/f2a97f63-661.png,1
test/f2aa1269-ac9.png,0
test/f2c29721-0d0.png,1
test/f2d50232-921.png,0
test/f2dbe75d-4a4.png,0
test/f2e61ba8-832.png,1
test/f2eade98-cb8.png,1
test/f2f7af19-cc6.png,0
test/f305b1b5-8f9.png,0
test/f312bff1-783.png,1
test/f3159d74-942.png,1
test/f3181b96-cba.png,1
test/f33f62f7-585.png,1
test/f346dc54-a0e.png,1
test/f36bf595-d18.png,1
test/f37fa946-3f1.png,1
test/f3d21b6f-fdf.png,1
test/f3f8a6e4-655.png,0
test/f412fa82-bc5.png,0
test/f43898d2-6b6.png,1
test/f43e7128-899.png,1
test/f45ef88c-114.png,0
test/f47bc4e3-72b.png,1
test/f49f7852-d95.png,1
test/f4a45fe9-a7e.png,1
test/f4ab921e-0db.png,1
test/f4b28321-be0.png,0
test/f4b84159-2a5.png,1
test/f4c5d475-1d5.png,1
test/f4cef857-278.png,1
test/f4d2c9e0-1a7.png,0
test/f517a2f6-48d.png,0
test/f5187af8-21d.png,1
test/f5251d5f-258.png,0
test/f53295c8-af0.png,1
test/f55edf26-f70.png,0
test/f5acaae4-8ed.png,0
test/f5bd9516-f9b.png,1
test/f5bf8967-040.png,0
test/f5df2e03-bce.png,1
test/f5e11cbd-79c.png,1
test/f5e348f0-f63.png,0
test/f603fd27-891.png,1
test/f60bf6c8-223.png,1
test/f61e831e-438.png,1
test/f6439901-025.png,0
test/f647c3f0-386.png,0
test/f67d8d1f-5d6.png,1
test/f6899ec1-4bb.png,0
test/f6a91bed-c54.png,0
test/f6cdb584-2e9.png,0
test/f6d32ace-05b.png,1
test/f6e1e980-e78.png,0
test/f6e793dd-9df.png,1
test/f6f3c792-4db.png,0
test/f6fc65ff-5e5.png,0
test/f6fee277-74e.png,1
test/f703d76d-e57.png,1
test/f7147e02-9a3.png,0
test/f71c2a64-99d.png,0
test/f72b1bf8-790.png,1
test/f72fa8fd-6c3.png,0
test/f73b2712-117.png,1
test/f746483c-e1b.png,1
test/f74bcf32-1ae.png,1
test/f74d3710-871.png,0
test/f76130ec-fc5.png,1
test/f78d7e0a-0b9.png,1
test/f7905c43-a34.png,0
test/f7992b2d-6d4.png,0
test/f79d94d5-9c6.png,1
test/f7a0a907-618.png,1
test/f7b8bd5d-1c1.png,0
test/f7c5ab50-7a5.png,0
test/f7deb095-72f.png,0
test/f7e8fd72-230.png,1
test/f7f18e78-093.png,0
test/f7f400ff-862.png,0
test/f8385c5e-b9b.png,0
test/f851ff26-13a.png,1
test/f86ae2c3-0e6.png,0
test/f86f917f-9f9.png,1
test/f870ee2a-589.png,0
test/f8b3fd68-172.png,0
test/f8b581b5-3d7.png,1
test/f8c811dc-ae1.png,1
test/f8e002b6-6a1.png,0
test/f91cc1fa-eab.png,1
test/f91fc7b7-854.png,0
test/f9365011-59e.png,1
test/f93978b6-fdc.png,0
test/f946dd4b-e9e.png,1
test/f948d06d-8d5.png,0
test/f9510ecf-cec.png,1
test/f97096e1-784.png,1
test/f9741d3f-788.png,1
test/f980ddf0-381.png,0
test/f98a29d2-97d.png,0
test/f9adeeb1-a3a.png,1
test/f9c0f5a6-509.png,0
test/f9c8d607-5a1.png,0
test/f9c9a144-3f9.png,0
test/f9cc7c92-3d8.png,1
test/f9d4b4dc-788.png,0
test/f9df92f5-ac6.png,1
test/fa11160c-e28.png,1
test/fa1c66a7-aac.png,1
test/fa30e0ea-7d8.png,1
test/fa351b04-c19.png,0
test/fa41c4cc-34b.png,0
test/fa420841-363.png,0
test/fa517f76-114.png,0
test/fa5e5028-1d0.png,1
test/fa74942a-28b.png,1
test/faa30b47-8a0.png,0
test/fab35cd8-e4a.png,0
test/fac24779-9a8.png,1
test/fad6b0c5-651.png,1
test/fadfb530-47f.png,0
test/fb19a3fc-f1c.png,0
test/fb19a99e-a27.png,0
test/fb2af591-b42.png,0
test/fb359708-cb2.png,1
test/fb35b871-3db.png,0
test/fb428acf-e70.png,1
test/fb4fb4ec-313.png,0
test/fb5cd330-ce1.png,0
test/fb661e0f-357.png,1
test/fb876c81-603.png,1
test/fb908ff7-c4a.png,0
test/fb9e4541-0a7.png,0
test/fbb81035-d41.png,0
test/fbc6c1cc-6c8.png,1
test/fbcfd87f-c34.png,0
test/fbe37d90-a04.png,1
test/fbf22f52-8bf.png,1
test/fc1608d2-b42.png,1
test/fc437fcd-966.png,1
test/fc873977-244.png,0
test/fc9ea656-f89.png,1
test/fca9530b-786.png,0
test/fcb3a3e6-7ae.png,0
test/fcba8037-99f.png,0
test/fcc384bb-e8d.png,0
test/fcc7831f-851.png,0
test/fcc9d7bb-121.png,0
test/fce2c750-b1b.png,0
test/fce5af62-e6a.png,0
test/fcf3bcb4-8b6.png,1
test/fcf83166-9ca.png,0
test/fd064c97-4b9.png,0
test/fd0abef5-128.png,1
test/fd129826-028.png,0
test/fd1d8152-139.png,0
test/fd1e2875-dab.png,1
test/fd3530d7-1df.png,1
test/fd471117-869.png,1
test/fd487740-5a3.png,1
test/fd4f3d09-954.png,1
test/fd611ede-084.png,1
test/fd64c0ca-dca.png,1
test/fdbac811-bef.png,1
test/fdc198cd-832.png,1
test/fdd46fc8-4bb.png,1
test/fdf6443b-aad.png,0
test/fe217a43-cdf.png,0
test/fe2b8fa8-937.png,1
test/fe465806-e48.png,0
test/fe46e5d8-a28.png,0
test/fe47c4e9-d21.png,1
test/fe486eb8-5aa.png,0
test/fe708bac-473.png,1
test/fe778d17-665.png,1
test/fe793437-54d.png,0
test/fe8a8101-a7b.png,1
test/feab1802-83d.png,1
test/feaed6e0-f7d.png,0
test/feaeeb70-bef.png,1
test/feb4dce6-5cd.png,1
test/fec8932d-194.png,1
test/fee05915-a69.png,0
test/fee0cc2a-780.png,0
test/fee2bd79-c9d.png,1
test/ff05fcef-01a.png,1
test/ff129dcd-a3e.png,1
test/ff12a456-a22.png,1
test/ff16e1a4-596.png,1
test/ff27f220-b49.png,0
test/ff2ac96b-65d.png,0
test/ff37981f-053.png,0
test/ff520bc1-23f.png,0
test/ff60b00b-878.png,0
test/ff6c33ec-aad.png,0
test/ff7255ab-48e.png,1
test/ffa680ce-982.png,1
test/ffabc2ce-173.png,1
test/ffb13c4d-a19.png,1
test/ffb3f68c-871.png,0
test/ffb3f975-ce3.png,1
test/ffb8929f-397.png,1
test/ffc4a431-177.png,1
test/ffcdcf43-656.png,1
test/ffe03dab-d83.png,1
test/ffea398a-ab3.png,0
