afiseaza_istoric_livrari,2021.05.03.14.08.04
afiseaza_stoc,2021.05.03.14.08.11
adauga_categorie,2021.05.03.14.32.35
adauga_categorie,2021.05.03.14.33.21
adauga_categorie,2021.05.03.14.33.34
afiseaza_istoric_livrari,2021.05.03.14.45.54
adauga_livrare,2021.05.03.14.46.15
adauga_livrare,2021.05.03.14.46.23
afiseaza_istoric_livrari,2021.05.03.14.47.57
afiseaza_stoc,2021.05.03.14.48.01
adauga_livrare,2021.05.03.14.48.15
adauga_livrare,2021.05.03.14.48.21
afiseaza_stoc,2021.05.03.14.48.29
afiseaza_stoc,2021.05.03.14.48.42
adauga_distribuitor,2021.05.03.14.51.22
adauga_produs,2021.05.03.15.05.34
adauga_produs,2021.05.03.15.08.56
adauga_categorie,2021.05.03.15.09.47
adauga_distribuitor,2021.05.03.15.10.01
adauga_produs,2021.05.03.15.10.41
adauga_produs,2021.05.03.15.10.52
adauga_livrare,2021.05.03.15.11.09
adauga_livrare,2021.05.03.15.11.16
adauga_categorie,2021.05.06.18.42.49
afiseaza_produse_categorie,2021.05.06.18.43.03
adauga_produs,2021.05.06.18.43.19
adauga_produs,2021.05.06.18.43.30
afiseaza_produse_categorie,2021.05.06.18.43.38
adauga_livrare,2021.05.06.18.43.55
adauga_livrare,2021.05.06.18.43.59
afiseaza_istoric_livrari,2021.05.06.18.44.02
adauga_livrare,2021.05.06.18.45.23
afiseaza_istoric_livrari,2021-05-06 18:46:40
afiseaza_produse_categorie,2021-05-06 18:47:39
afiseaza_produse_categorie,2021-05-06 18:47:49
vezi_detalii_produs,2021-05-06 18:47:51
afiseaza_produse_categorie,2021-05-06 18:48:03
vezi_detalii_produs,2021-05-06 18:48:05
adauga_categorie,2021-05-27 20:19:55
adauga_categorie,2021-05-27 20:20:47
adauga_categorie,2021-05-27 20:21:25
adauga_categorie,2021-05-27 20:21:57
adauga_categorie,2021-05-27 20:22:14
adauga_categorie,2021-05-27 20:22:57
adauga_distribuitor,2021-05-27 20:38:45
adauga_produs,2021-05-27 22:06:17
afiseaza_produse_categorie,2021-05-27 22:07:22
afiseaza_produse_categorie,2021-05-27 22:07:29
afiseaza_produse_categorie,2021-05-27 22:07:32
afiseaza_produse_categorie,2021-05-27 22:15:50
afiseaza_produse_categorie,2021-05-27 22:15:54
afiseaza_produse_categorie,2021-05-27 22:15:58
adauga_produs,2021-05-27 22:22:16
afiseaza_produse_categorie,2021-05-27 22:23:02
adauga_produs,2021-05-27 22:23:47
adauga_produs,2021-05-27 22:24:11
adauga_produs,2021-05-27 22:25:13
afiseaza_produse_categorie,2021-05-27 22:26:10
afiseaza_istoric_livrari,2021-05-27 23:21:21
afiseaza_istoric_livrari,2021-05-27 23:22:14
afiseaza_istoric_livrari,2021-05-27 23:45:08
afiseaza_istoric_livrari,2021-05-27 23:47:17
afiseaza_istoric_livrari,2021-05-27 23:47:53
afiseaza_istoric_livrari,2021-05-27 23:48:58
afiseaza_produse_categorie,2021-05-27 23:49:03
afiseaza_stoc,2021-05-27 23:51:11
afiseaza_alerta_stoc,2021-05-27 23:54:37
afiseaza_stoc,2021-05-27 23:54:47
afiseaza_alerta_stoc,2021-05-27 23:57:56
afiseaza_alerta_stoc,2021-05-27 23:58:40
afiseaza_alerta_stoc,2021-05-27 23:58:55
afiseaza_stoc,2021-05-27 23:59:16
afiseaza_produse_categorie,2021-05-28 00:02:46
vezi_detalii_produs,2021-05-28 00:02:50
afiseaza_produse_categorie,2021-05-28 00:03:19
vezi_detalii_produs,2021-05-28 00:03:21
afiseaza_produse_categorie,2021-05-28 00:08:07
vezi_detalii_produs,2021-05-28 00:08:09
afiseaza_produse_categorie,2021-05-28 00:08:17
vezi_detalii_produs,2021-05-28 00:08:20
adauga_livrare,2021-05-28 01:43:06
adauga_livrare,2021-05-28 01:44:28
adauga_livrare,2021-05-28 01:45:16
adauga_livrare,2021-05-28 01:46:23
adauga_livrare,2021-05-28 01:47:16
adauga_livrare,2021-05-28 01:48:00
adauga_livrare,2021-05-28 01:49:02
adauga_livrare,2021-05-28 01:51:42
adauga_livrare,2021-05-28 01:52:35
adauga_livrare,2021-05-28 02:03:00
adauga_livrare,2021-05-28 02:03:53
afiseaza_istoric_livrari,2021-05-28 02:04:09
afiseaza_istoric_livrari,2021-05-28 02:05:41
adauga_livrare,2021-05-28 02:05:57
afiseaza_istoric_livrari,2021-05-28 02:06:01
adauga_livrare,2021-05-28 02:06:22
adauga_livrare,2021-05-28 02:06:27
afiseaza_istoric_livrari,2021-05-28 02:06:30
afiseaza_stoc,2021-05-28 02:06:43
efectueaza_tranzactie,2021-05-28 02:35:40
afiseaza_stoc,2021-05-28 02:36:13
efectueaza_tranzactie,2021-05-28 02:36:45
afiseaza_stoc,2021-05-28 02:36:47
adauga_livrare,2021-05-28 02:37:57
afiseaza_stoc,2021-05-28 02:38:00
afiseaza_stoc,2021-05-28 02:45:47
efectueaza_tranzactie,2021-05-28 02:46:11
afiseaza_stoc,2021-05-28 02:46:15
adauga_livrare,2021-05-28 02:46:33
efectueaza_tranzactie,2021-05-28 02:48:49
afiseaza_stoc,2021-05-28 02:48:52
adauga_livrare,2021-05-28 02:49:07
afiseaza_istoric_livrari,2021-05-28 02:49:57
efectueaza_tranzactie,2021-05-28 02:50:43
efectueaza_tranzactie,2021-05-28 02:51:21
efectueaza_tranzactie,2021-05-28 02:52:20
afiseaza_alerta_stoc,2021-05-28 02:52:26
afiseaza_stoc,2021-05-28 02:52:32
adauga_livrare,2021-05-28 02:52:49
afiseaza_stoc,2021-05-28 02:52:59
efectueaza_tranzactie,2021-05-28 03:02:44
efectueaza_tranzactie,2021-05-28 03:02:54
efectueaza_tranzactie,2021-05-28 03:03:31
adauga_livrare,2021-05-28 03:03:54
efectueaza_tranzactie,2021-05-28 03:04:39
adauga_livrare,2021-05-28 03:04:56
afiseaza_stoc,2021-05-28 03:04:59
efectueaza_tranzactie,2021-05-28 03:05:30
afiseaza_stoc,2021-05-28 03:05:32
afiseaza_alerta_stoc,2021-05-28 03:05:38
adauga_livrare,2021-05-28 03:05:56
afiseaza_stoc,2021-05-28 03:06:01
afiseaza_produse_categorie,2021-05-28 03:21:46
adauga_distribuitor,2021-05-28 03:22:10
adauga_categorie,2021-05-28 03:22:31
adauga_categorie,2021-05-28 03:44:37
adauga_produs,2021-05-28 03:44:48
afiseaza_produse_categorie,2021-05-28 03:44:53
vezi_detalii_produs,2021-05-28 03:44:55
adauga_categorie,2021-05-28 03:45:27
adauga_produs,2021-05-28 03:45:40
afiseaza_istoric_livrari,2021-05-28 03:53:35
adauga_categorie,2021-05-28 08:11:51
adauga_produs,2021-05-28 08:12:09
adauga_distribuitor,2021-05-28 08:12:28
afiseaza_produse_categorie,2021-05-28 08:12:37
afiseaza_stoc,2021-05-28 08:12:50
adauga_livrare,2021-05-28 08:13:54
afiseaza_stoc,2021-05-28 08:14:16
afiseaza_alerta_stoc,2021-05-28 08:14:27
efectueaza_tranzactie,2021-05-28 08:15:08
afiseaza_stoc,2021-05-28 08:15:11
afiseaza_produse_categorie,2021-05-28 08:15:29
vezi_detalii_produs,2021-05-28 08:15:33
afiseaza_produse_categorie,2021-05-28 08:15:48
vezi_detalii_produs,2021-05-28 08:15:51
afiseaza_istoric_livrari,2021-05-28 08:15:59
afiseaza_alerta_stoc,2021-05-28 08:54:00
adauga_categorie,2021-05-28 09:02:27
afiseaza_produse_categorie,2021-05-28 09:02:32
